Uuid,Void/Retire,Same as mappings,Fully specified name:en,Fully specified name:km,Short name:en,Short name:km,Description:en,Description:km,Data class,Data type,Answers,Members,_version:1,_order:600
a88249be-0553-4496-a4fe-f0b39edfa26c,,ICD-10:A00,Cholera,Cholera,Cholera,អាសន្នរោគ,,,Diagnosis,N/A,,,,
36a15699-0812-4ffc-8bb3-d78519fabc33,,ICD-10:A00.9,"Cholera, unspecified","Cholera, unspecified","Cholera, unspecified",សង្ស័យអាសន្នរោគ,,,Diagnosis,N/A,,,,
73f80604-0597-46bd-b820-36b633a7fa0c,,ICD-10:A01,Typhoid and Paratyphoid Fevers,Typhoid and Paratyphoid Fevers,Typhoid and Paratyphoid Fevers,គ្រុនពោះវៀន,,,Diagnosis,N/A,,,,
091d99ca-5077-4713-876b-7c2a960086fd,,ICD-10:A06,Amebiasis,Amebiasis,Amebiasis,រាកមួល​,,,Diagnosis,N/A,,,,
a51898bb-9d23-4f3c-9152-92a1eeb11513,,ICD-10:A06.4,Amebic Liver Abscess,Amebic Liver Abscess,Amebic Liver Abscess,Amebic Liver Abscess,,,Diagnosis,N/A,,,,
b5247a26-4f8d-49b4-aef2-b3797e004ae2,,ICD-10:A09,Gastroenteritis diarrhea (GE),Gastroenteritis diarrhea (GE),Gastroenteritis diarrhea (GE),រាកគ្មានខ្សោះជាតិទឹក(GE),,,Diagnosis,N/A,,,,
e8142577-612d-4607-8743-d56a0f095983,,ICD-10:A09.1,"Gastroenteritis diarrhea, moderate (GE)","Gastroenteritis diarrhea, moderate (GE)","Gastroenteritis diarrhea, moderate (GE)",រាកមានខ្សោះជាតិទឹកមធ្យម(GE),,,Diagnosis,N/A,,,,
52b92e1b-6c96-41e7-94be-e35a2645bbc4,,ICD-10:A09.2,"Gastroenteritis diarrhea, severe (GE)","Gastroenteritis diarrhea, severe (GE)","Gastroenteritis diarrhea, severe (GE)",រាកមានខ្សោះជាតិទឹកធ្ងន់ធ្ងរ(GE),,,Diagnosis,N/A,,,,
1858a078-53b7-4608-802d-c610daa2e758,,ICD-10:A33,Tetanus neonatorum,Tetanus neonatorum,Tetanus neonatorum,តេតាណូសទារក,,,Diagnosis,N/A,,,,
dc2e9887-9b41-41a4-bdfb-1ce339e583e9,,ICD-10:A35,"Tetanus, other","Tetanus, other","Tetanus, other",តេតាណូសផ្សេងៗទៀត,,,Diagnosis,N/A,,,,
dbc10fde-6f2b-44a6-b780-68433f55ac22,,ICD-10:A36,Diphtheria,Diphtheria,Diphtheria,ខាន់ស្លាក់,,,Diagnosis,N/A,,,,
f599c46c-e1bc-4774-998d-8c6a52ac2294,,ICD-10:A37.1,Whooping cough,Whooping cough,Whooping cough,ក្អកមាន់,,,Diagnosis,N/A,,,,
87932c1d-04fd-4e41-adf7-24e31e09db8d,,"ICD-10:A41.9","Sepsis, unspecified organism","Sepsis, unspecified organism","Sepsis, unspecified organism",ឆ្លងរោគក្នុងឈាម,,,Diagnosis,N/A,,,,
3ef13587-9ffe-48ed-a3ee-fa95bcfb8c0c,,ICD-10:A80,Acute poliomyelitis,Acute poliomyelitis,Acute poliomyelitis,គ្រុនទន់អវៈយវៈ,,,Diagnosis,N/A,,,,
366bac12-1ec8-4655-a20a-30a6c8f2e80d,,ICD-10:A82,Rabies,Rabies,Rabies,ជំងឺឆ្កែឆ្កួតខាំ,,,Diagnosis,N/A,,,,
b411b779-5734-4546-9da0-1ca4dd13abd8,,ICD-10:A04,Dysentery,Dysentery,Dysentery,រាគមួល,,,Diagnosis,N/A,,,,
7df94dc1-0dd4-47f4-a346-e7637cee33dc,,ICD-10:B05,Measles,Measles,Measles,កញ្រ្ចិល,,,Diagnosis,N/A,,,,
2a62cdc4-9a5f-4a90-aeef-6f1850b0572d,,ICD-10:B65,Schistosomiasis,Schistosomiasis,Schistosomiasis,ស៊ីសស្តូសូមីញ៉ាស៊ីស,,,Diagnosis,N/A,,,,
6cf6a05c-f117-49e5-aff0-56fe511d2b82,,ICD-10:D64,Anemia,Anemia,Anemia,ភាពស្លកសាំង,,,Diagnosis,N/A,,,,
9dfa93f8-e753-4263-9af2-a7834523dbb9,,ICD-10:D48,Tumor,Tumor,Tumor,ដុំមហារីក,,,Diagnosis,N/A,,,,
4e2b342f-73e7-4f36-a172-13f4040e391e,,ICD-10:D52,"Anemia, folate","Anemia, folate","Anemia, folate",អាស៊ីតខ្វះឈាម,,,Diagnosis,N/A,,,,
aa3ce349-b958-41da-9762-8400d75bbd6c,,ICD-10:D50,"Anemia, iron","Anemia, iron","Anemia, iron",ជាតិដែកខ្វះឈាម,,,Diagnosis,N/A,,,,
b98b6113-7c89-44cd-8859-45fc5db9166d,,ICD-10:D64.9,"Anemia, unspecified","Anemia, unspecified","Anemia, unspecified",ជំងឺស្លេកស្លាំង,,,Diagnosis,N/A,,,,
c83d0afb-aee1-4bb3-97a7-3615268e98ca,,ICD-10:E03,Hypothyroidism,Hypothyroidism,Hypothyroidism,Hypothyroidism,,,Diagnosis,N/A,,,,
e929aa03-472b-43f7-8f77-6186468a3673,,ICD-10:E05,Hyperthyroidism,Hyperthyroidism,Hyperthyroidism,Hyperthyroidism,,,Diagnosis,N/A,,,,
3da98626-cdde-4cf0-98a0-d58c75493ec3,,ICD-10:E16.2,"Hypoglycemia, unspecified","Hypoglycemia, unspecified","Hypoglycemia, unspecified",ជំងឺថយចុះជាតិស្ករ,,,Diagnosis,N/A,,,,
5ab478b3-9d40-4679-be19-a97b42c34690,,ICD-10:E86.0,Dehydration,Dehydration,Dehydration,ខះជាតិទឹក,,,Diagnosis,N/A,,,,
2c4bb082-1403-42e9-aa46-eff975f1bbf7,,ICD-10:G03.9,"Meningitis, unspecified","Meningitis, unspecified","Meningitis, unspecified",ជំងឺរលាកស្រោមខួរក្បាល,,,Diagnosis,N/A,,,,
c25109fd-bfc3-4663-8eb3-abe43a4a1b76,,"ICD-10:G40.9 ","Epilepsy, unspecified","Epilepsy, unspecified","Epilepsy, unspecified",ជំងឺឆ្កួតជ្រូក,,,Diagnosis,N/A,,,,
c732d70b-25d8-47c1-9dec-db2f00230c67,,ICD-10:G43,Migraine,Migraine,Migraine,ជំងឺឈឺក្បាលប្រកាំង,,,Diagnosis,N/A,,,,
a48e76ed-6e68-4e4f-b89b-7a96efefee71,,ICD-10:G44.2,Tension headache,Tension headache,Tension headache,Tension headache,,,Diagnosis,N/A,,,,
eb034600-27ce-40da-aba4-b09c5a72a0f5,,ICD-10:G90.9,Neuropathy,Neuropathy,Neuropathy,ជំងឺសរសៃប្រសាទ,,,Diagnosis,N/A,,,,
719f61b0-2141-4a19-a587-b8e289045932,,ICD-10:I50.9,"Heart failure, unspecified","Heart failure, unspecified","Heart failure, unspecified",ជម្ងឺខ្សោយបេះដូង,,,Diagnosis,N/A,,,,
7897e5b0-5a20-4dec-b46d-839d4bb36a41,,ICD-10:I20,Angina pectoris,Angina pectoris,Angina pectoris,ចុកទ្រូងដោយសារបញ្ហាសរសៃឈាមបេះដូង,,,Diagnosis,N/A,,,,
702a57d9-8123-410b-a6d2-9b13ed26441e,,ICD-10:I21,Acute myocardial infarction,Acute myocardial infarction,Acute myocardial infarction,ស្លាប់សាច់បេះដូងស្រួចស្រាវ,,,Diagnosis,N/A,,,,
1b705b1c-d3ef-4701-bcac-32d507f0759c,,ICD-10:I63,Cerebral Infarction (Stroke),Cerebral Infarction (Stroke),Cerebral Infarction (Stroke),ស្ទះសរសៃរឈាមខួរក្បាល(Stroke),,,Diagnosis,N/A,,,,
f20d13d8-3464-47da-8c5c-f16f1eca7194,,ICD-10:K12,Stomatitis,Stomatitis,Stomatitis,,,,Diagnosis,N/A,,,,
036a49ec-ebaf-48e7-b823-98ae37458d78,,ICD-10:K25,Gastric ulcer,Gastric ulcer,Gastric ulcer,ដំបៅក្រពះ,,,Diagnosis,N/A,,,,
b0aef761-0bdc-4077-a045-91464383aff2,,ICD-10:K29.7,Gastritis,Gastritis,Gastritis,រលាកក្រពះ,,,Diagnosis,N/A,,,,
10fa9d88-8ba9-42b6-a5bd-0554ef274861,,ICD-10:K21.9,Gastroesophageal reflux disease (GERD),Gastroesophageal reflux disease (GERD),Gastroesophageal reflux disease (GERD),ជំងឺច្រាលក្រពះពោះវៀន(GERD),,,Diagnosis,N/A,,,,
a0d10e1e-a214-4221-90ee-5e872c5cec5a,,ICD-10:K73,"Hepatitis, chronic","Hepatitis, chronic","Hepatitis, chronic",ជំងឺរលាកថ្លើម,,,Diagnosis,N/A,,,,
cd91d1db-66b3-4020-9e29-5e5b9b618cc6,,ICD-10:K40,"Hernia, inguinal","Hernia, inguinal","Hernia, inguinal",ក្លន inguinal,,,Diagnosis,N/A,,,,
27ebe12d-068c-46ca-a34d-c32403756916,,ICD-10:K42,"Hernia, umbilical","Hernia, umbilical","Hernia, umbilical",ក្លនលាមក,,,Diagnosis,N/A,,,,
3bf60632-a77d-40db-81b6-ac6c49fa893c,,ICD-10:K27,"Peptic ulcer, site unspecifed","Peptic ulcer, site unspecifed","Peptic ulcer, site unspecifed",ដំបៅក្រពះ តំបន់មិនបានបញ្ជាក់,,,Diagnosis,N/A,,,,
9b020660-2739-4e94-a85f-1e6c0edd1e5e,,ICD-10:K29.1,Acute gastritis,Acute gastritis,Acute gastritis,រលាកក្រពះស្រួចស្រាវ,,,Diagnosis,N/A,,,,
e001c6ec-5f40-452c-b815-534f13298285,,"ICD-10:K29.5","Chronic gastritis, unspecified","Chronic gastritis, unspecified","Chronic gastritis, unspecified",រលាកក្រពះរ៉ាំរ៉ៃ,,,Diagnosis,N/A,,,,
64978893-eded-4ef2-bb37-8dc7b68f171a,,ICD-10:K62.1,Rectal polyp,Rectal polyp,Rectal polyp,ពោះវៀនធំ,,,Diagnosis,N/A,,,,
58637226-b13d-46ac-9331-a50faac298ae,,ICD-10:K64,Hemorrhoids,Hemorrhoids,Hemorrhoids,ជំងឺឬសដូងបាត,,,Diagnosis,N/A,,,,
b9846174-82f8-4267-b93d-7cc84a144db7,,ICD-10:K74.6,Cirrhosis,Cirrhosis,Cirrhosis,ក្រិនថ្លើម,,,Diagnosis,N/A,,,,
6c6ce551-846c-4d5d-b9b2-adf198bffcf9,,ICD-10:K81,Cholecystitis,Cholecystitis,Cholecystitis,រលាកថង់ទឹកប្រមាត់,,,Diagnosis,N/A,,,,
9369d2b0-6634-4721-96ce-3d6c674b2cd3,,ICD-10:M13.99,"Arthritis, unspecified","Arthritis, unspecified","Arthritis, unspecified",រលាកសន្លាក់គ្មានខ្ទុះ,,,Diagnosis,N/A,,,,
e3c293e8-7668-4deb-a48d-f951e7021daf,,ICD-10:M79.6,Musculoskeletal pain,Musculoskeletal pain,Musculoskeletal pain,ឈឺសាច់ដុំ,,,Diagnosis,N/A,,,,
529d607a-2750-4ea7-972b-db67ebd86924,,"ICD-10:M81.99 ","Osteoporosis, unspecified","Osteoporosis, unspecified","Osteoporosis, unspecified",រោគពុកឆ្អឹង,,,Diagnosis,N/A,,,,
8d40fe91-d584-4898-b5b1-04662f25ced8,,"ICD-10:N05.9 ",Nephritic syndrome,Nephritic syndrome,Nephritic syndrome,,,,Diagnosis,N/A,,,,
50b7208f-7f9b-44b0-9991-cf35f2c0834e,,ICD-10:N23,"Renal colic, unspecified","Renal colic, unspecified","Renal colic, unspecified",ចុកតំរងនោម,,,Diagnosis,N/A,,,,
c70c7108-ada3-4540-b60e-57d5cdf14333,,ICD-10:N39.0,Urinary tract infection (UTI),Urinary tract infection (UTI),Urinary tract infection (UTI),ការឆ្លងមេរោគលើផ្លូវបង្ហូរទឹកនោម(UTI),,,Diagnosis,N/A,,,,
b6946a02-6a85-41b7-974e-2fddd07a1543,,ICD-10:R17,"Jaundice, unspecified","Jaundice, unspecified","Jaundice, unspecified",ជំងឺគ្រុនលឿង,,,Diagnosis,N/A,,,,
e575ac1c-bfdb-49c8-a5d6-3e73e010d4f0,,ICD-10:R18,Ascites,Ascites,Ascites,ទាចទឹក,,,Diagnosis,N/A,,,,
2c24a1cf-5b8b-4cec-935e-6978e6cc50ba,,ICD-10:R50,Fever of unknown origin (FUO),Fever of unknown origin (FUO),Fever of unknown origin (FUO),គ្រុនក្តៅមិនដឹងប្រភពដើម(FUO​),,,Diagnosis,N/A,,,,
b5e7bc0f-3458-4977-9173-069a60873b84,,ICD-10:R10,Abdominal pain,Abdominal pain,Abdominal pain,ឈឺពោះ,,,Diagnosis,N/A,,,,
56cfca27-c2ea-40f7-a8d1-c162184ee8be,,ICD-10:R19,"Abdominal/digestive problems, other","Abdominal/digestive problems, other","Abdominal/digestive problems, other",បញ្ហាពោះឬរំលាយអាហារ,,,Diagnosis,N/A,,,,
64dbf0de-8347-4942-8e81-d8f9f82a08fb,,ICD-10:T50,Drug toxicity,Drug toxicity,Drug toxicity,ពុលថ្នាំពេទ្យ,,,Diagnosis,N/A,,,,
cf50f0b5-1435-4619-9aa7-7f016c3a132b,,ICD-10:T52.0,Petrol intoxication,Petrol intoxication,Petrol intoxication,គ្រឿងស្រវឹង,,,Diagnosis,N/A,,,,
a30bafe5-2b7a-444a-a5ba-68c39496bfdd,,ICD-10:T61,Food intoxication,Food intoxication,Food intoxication,ពុលចំណីអាហារ,,,Diagnosis,N/A,,,,
4e854ab5-8699-47f1-8e91-69dd97e174ce,,ICD-10:T63.0,Snake bite,Snake bite,Snake bite,ពស់ចឹក,,,Diagnosis,N/A,,,,
8b49cd74-85bf-4500-a28b-d4f186da4921,,ICD-10:T65,Poisoning/Ingestion of non medicinal substances,Poisoning/Ingestion of non medicinal substances,Poisoning/Ingestion of non medicinal substances,ពុលសារធាតុផ្សេងៗ,,,Diagnosis,N/A,,,,
37906266-8325-4228-9c85-e25a228f6a28,,ICD-10:T60,Poisoning/Ingestion of chemical substances,Poisoning/Ingestion of chemical substances,Poisoning/Ingestion of chemical substances,ពុលសារធាតុគីមី,,,Diagnosis,N/A,,,,
d8c45da5-b5ab-4586-a40b-02a353abf17d,,ICD-10:Q24.9,Congenital heart disease (CHD),Congenital heart disease (CHD),Congenital heart disease (CHD),ជំងឺបេះដូងពីកំណើត(CHD),,,Diagnosis,N/A,,,,
97a0402e-1b1a-4cad-863e-7501820ade83,,ICD-10:Q79,"Congenital malformations of musculoskeletal system, not elsewhere classified","Congenital malformations of musculoskeletal system, not elsewhere classified","Congenital malformations of musculoskeletal system, not elsewhere classified","Congenital malformations of musculoskeletal system, not elsewhere classified",,,Diagnosis,N/A,,,,
c3029bb6-4b84-42d0-a684-ea4a0cfeb01a,,ICD-10:Q90,Down syndrome,Down syndrome,Down syndrome,ចុះរោគសញ្ញា,,,Diagnosis,N/A,,,,
ab86f595-b081-4908-b260-6e364ec14b8f,,ICD-10:Q96,Turner syndrome,Turner syndrome,Turner syndrome,ជម្ងឺ Turner,,,Diagnosis,N/A,,,,
bde922c3-4b13-4138-a9a8-7f1a79c6a710,,ICD-10:T79.3,"Wound, infected","Wound, infected","Wound, infected",រងរបួស,,,Diagnosis,N/A,,,,
de3faaf4-309f-4204-abd9-5240b93944d8,,ICD-10:T14.1,"Wound, open, cut from bite","Wound, open, cut from bite","Wound, open, cut from bite",របួសចំហរ ស្នាមដាច់រលាត់ពីការខាំ,,,Diagnosis,N/A,,,,
c822cdfe-5c09-4710-9b11-b0a2e9f27fe1,,ICD-10:T14,Trauma,Trauma,Trauma,របួស,,,Diagnosis,N/A,,,,
2e520540-3e43-4fd0-95c0-d3e020495e5d,,,"Diseases, other","Diseases, other","Diseases, other",ជំងឺទូទៅផ្សេងៗ,,,Diagnosis,N/A,,,,
c0389d9d-e996-4e12-8057-dd53a29e26d5,,ICD-10:A64,STD,STD,STD,ជំងឺកាមរោគ (STD),,,Diagnosis,N/A,,,,
64c09eac-dd25-4b14-9c45-6b1352a096e5,,ICD-10:A90,Dengue fever,Dengue fever,Dengue fever,ជំងឺគ្រុនឈាម,,,Diagnosis,N/A,,,,
7f0247d1-6d97-4f86-b4ab-38e4555e0638,,ICD-10:A91,"Dengue fever, hemorrhagic (non shock)","Dengue fever, hemorrhagic (non shock)","Dengue fever, hemorrhagic (non shock)",ជំងឺគ្រុនឈាមគ្មានស្ហុក,,,Diagnosis,N/A,,,,
b46fefe9-caf3-4922-8d82-421ec3e88011,,ICD-10:A91.1,"Dengue fever, hemorrhagic (with shock)","Dengue fever, hemorrhagic (with shock)","Dengue fever, hemorrhagic (with shock)",ជំងឺគ្រុនឈាមមានស្ហុក,,,Diagnosis,N/A,,,,
8f853d9b-638a-4a76-8a44-cb6e59ed41a4,,ICD-10:A91.2,"Dengue fever, suspected","Dengue fever, suspected","Dengue fever, suspected",គ្រុនឈាមសង្ស័យ​,,,Diagnosis,N/A,,,,
979879d6-0d09-484b-b970-a130c1137f1b,,ICD-10:A91.3,Dengue-like fever,Dengue-like fever,Dengue-like fever,គ្រុនឈាមប្រហាក់ប្រហែល,,,Diagnosis,N/A,,,,
5b7ec84a-83b1-415b-8c0c-7f0145946cef,,ICD-10:A92.0,Chikungunya virus,Chikungunya virus,Chikungunya virus,គ្រុនឈិកសង្ស័យ,,,Diagnosis,N/A,,,,
7a481994-5e0e-43cf-860e-1e785cfaffdc,,ICD-10:A92.1,"Chikungunya virus, suspected","Chikungunya virus, suspected","Chikungunya virus, suspected",គ្រុនឈិកប្រហាក់ប្រហែល,,,Diagnosis,N/A,,,,
0b57b9b1-62d4-4768-86c1-9dabfe894d3c,,ICD-10:B08.4,Enteroviral vesicular stomatitis with exanthem,Enteroviral vesicular stomatitis with exanthem,Enteroviral vesicular stomatitis with exanthem,ជំងឹពងបែកនៅដៃ-ជើង-មាត់,,,Diagnosis,N/A,,,,
b23a86a1-484c-441b-afad-a4264db40787,,ICD-10:B15,Hepatitis A,Hepatitis A,Hepatitis A,រលាកថ្លើមប្រភេទ A,,,Diagnosis,N/A,,,,
63fe20a1-cd2f-4738-8553-a91d77b62955,,ICD-10:B16,Hepatitis B,Hepatitis B,Hepatitis B,រលាកថ្លើមប្រភេទ B,,,Diagnosis,N/A,,,,
b1914012-0718-4719-b08a-bcb182d54140,,ICD-10:B17.1,Hepatitis C,Hepatitis C,Hepatitis C,រលាកថ្លើមប្រភេទ C,,,Diagnosis,N/A,,,,
90a44f33-d4e7-462a-9573-9b40818d9f12,,ICD-10:B20,HIV/AIDS,HIV/AIDS,HIV/AIDS,ជំងឺអេដស៏,,,Diagnosis,N/A,,,,
43dd314d-ce12-45b6-9ef4-24ec766055ec,,ICD-10:B26,Mumps,Mumps,Mumps,ជំងឺស្រឡទែន,,,Diagnosis,N/A,,,,
2a75dc62-49c4-44f6-98c1-677634b64a43,,ICD-10:B50,"Malaria, Plasmodium falciparum malaria with cerebral complications","Malaria, Plasmodium falciparum malaria with cerebral complications","Malaria, Plasmodium falciparum malaria with cerebral complications",គ្រុនចាញ់ស្រាល,,,Diagnosis,N/A,,,,
886dacb5-4e2c-4a7d-9271-a062cc78387f,,ICD-10:B50.8,"Severe and complicated plasmodium falciparum malaria, other","Severe and complicated plasmodium falciparum malaria, other","Severe and complicated plasmodium falciparum malaria, other",គ្រុនចាញ់ធ្ងន់ធ្ងរ,,,Diagnosis,N/A,,,,
96a7fb6f-d333-48e1-9d61-27d060b5065f,,ICD-10:B54,"Malaria, unspecified","Malaria, unspecified","Malaria, unspecified",ជំងឺគ្រុនចាញ់មិនត្រូវបានបញ្ជាក់,,,Diagnosis,N/A,,,,
03660693-b90e-4455-a954-2c26a1f53eca,,ICD-10:J09.0,Influenza due to certain identified influenza virus,Influenza due to certain identified influenza virus,Influenza due to certain identified influenza virus,ផ្តាសាយបក្សី,,,Diagnosis,N/A,,,,
919f140f-5dde-424a-9a3a-3b452af12013,,ICD-10:J09.1,"Influenza, virus not identified","Influenza, virus not identified","Influenza, virus not identified",ផ្តាសាយផ្សេងៗ,,,Diagnosis,N/A,,,,
7630ed36-ff4e-4d25-bbb9-0fe05aec2afd,,,"Communicable diseases, other","Communicable diseases, other","Communicable diseases, other",ជំងឺឆ្លងផ្សេងៗ,,,Diagnosis,N/A,,,,
5474fbca-1c9b-4c69-b71c-b7f044bb7cf2,,ICD-10:A15.0,Tuberculosis of lung,Tuberculosis of lung,Tuberculosis of lung,របេងសួត,,,Diagnosis,N/A,,,,
762d498e-7459-4d59-a76b-f3ce3dc56b49,,ICD-10:A15.6,Tuberculous pleurisy,Tuberculous pleurisy,Tuberculous pleurisy,របេងស្រោមសួត,,,Diagnosis,N/A,,,,
01153553-b193-48d1-bde0-5ec2138a57bb,,ICD-10:A15.7,"Respiratory tuberculosis, primary","Respiratory tuberculosis, primary","Respiratory tuberculosis, primary",,,,Diagnosis,N/A,,,,
519f6382-3564-4ae0-9002-9fece8587340,,ICD-10:A15.8,"Respiratory tuberculosis, other","Respiratory tuberculosis, other","Respiratory tuberculosis, other",ជំងឺរបេងសួតផ្សេងៗ,,,Diagnosis,N/A,,,,
949ccd45-f931-490e-ba9f-be290c988d46,,ICD-10:A15.9,"Respiratory tuberculosis, unspecified","Respiratory tuberculosis, unspecified","Respiratory tuberculosis, unspecified",របេងសួតសង្ស័យ,,,Diagnosis,N/A,,,,
908faeeb-f3ba-4477-ae49-33ad0c688216,,ICD-10:A17.0,Tuberculous meningitis,Tuberculous meningitis,Tuberculous meningitis,រលាកស្រោមខួរបណ្ដាលមកពីរបេង Tuberculous meningitis,,,Diagnosis,N/A,,,,
f4974858-6897-40ab-a85d-4634393c5aed,,ICD-10:A17.8,"Tuberculosis of nervous system, other","Tuberculosis of nervous system, other","Tuberculosis of nervous system, other",របេងប្រព័ន្ឋសរសៃប្រសាទផ្សេងៗ,,,Diagnosis,N/A,,,,
7acabf86-99a8-468b-b847-a68d2c4819b8,,ICD-10:A18.03,Tuberculosis of other bones,Tuberculosis of other bones,Tuberculosis of other bones,របេងឆ្អឹង,,,Diagnosis,N/A,,,,
c5c959d5-1eea-46ae-9a86-c4e08c6eac47,,ICD-10:A18.31,Tuberculous peritonitis,Tuberculous peritonitis,Tuberculous peritonitis,របេងស្រោមពោះ,,,Diagnosis,N/A,,,,
d09850d1-96e0-48f4-aa32-d7da324107da,,ICD-10:A18.8,"Tuberculosis, other organs","Tuberculosis, other organs","Tuberculosis, other organs",របេងសរីរាង្គផេ្សងទៀត,,,Diagnosis,N/A,,,,
f5cfe7c6-c7e8-469e-8820-f5302ed7573b,,ICD-10:A19,Miliary TB,Miliary TB,Miliary TB,របេងមីលីយែរ,,,Diagnosis,N/A,,,,
186723ec-50e8-4740-b4d0-bab11a1d820a,,ICD-10:A30.9,"Leprosy, unspecified","Leprosy, unspecified","Leprosy, unspecified",ហង់សិន,,,Diagnosis,N/A,,,,
e2604f82-b216-4195-93b1-42463bf44264,,ICD-10:A31.0,MOTT(mycobacterium other than TB) pulmonary mycobacterial infection,MOTT(mycobacterium other than TB) pulmonary mycobacterial infection,MOTT(mycobacterium other than TB) pulmonary mycobacterial infection,ជំងឺបង្កឡើងដោយមីកូបាក់តេរីផ្សេងៗ ទៀត,,,Diagnosis,N/A,,,,
6fadd4f3-1af7-4745-92f7-60715ae48100,,ICD-10:U50.0,MDR(multi-drug resistant) TB confirmed by culture,MDR(multi-drug resistant) TB confirmed by culture,MDR(multi-drug resistant) TB confirmed by culture,របេងស៊ាំថ្នាំមានការបណ្ដុះមេរោគ,,,Diagnosis,N/A,,,,
db08948a-4ff3-424b-879e-281c12b76846,,ICD-10:E51,B1 deficiency,B1 deficiency,B1 deficiency,កង្វះ B1,,,Diagnosis,N/A,,,,
b2651354-3976-46d6-ab3c-7d69e39da223,,ICD-10:E56.9,Vitamin deficiency,Vitamin deficiency,Vitamin deficiency,កង្វះវីតាមីន,,,Diagnosis,N/A,,,,
d87455cf-6105-4cde-8158-46a2c9d6a4c5,,ICD-10:E10,Diabetic type 1 (DM),Diabetic type 1 (DM),Diabetic type 1 (DM),ជំងឺទឹកនោមផ្អែម១(DM),,,Diagnosis,N/A,,,,
2b4d5304-63bf-4a91-9a1f-9df51c6e76dc,,ICD-10:E11,Diabetic type 2 (DM),Diabetic type 2 (DM),Diabetic type 2 (DM),ជំងឺទឹកនោមផ្អែម២(DM),,,Diagnosis,N/A,,,,
0958e43f-74ab-42d2-a7c8-d7377c9435e4,,ICD-10:E40,Severe acute malnutrition (SAM) with nutritional oedema,Severe acute malnutrition (SAM) with nutritional oedema,Severe acute malnutrition (SAM) with nutritional oedema,កង្វះអាហារូបត្ថម្ភធ្ងន់ធ្ងរស្រូចស្រាវមានហើម(SAM),,,Diagnosis,N/A,,,,
7ebece2f-a371-44bc-b7ea-94464e4e4cf9,,ICD-10:E41,Severe acute malnutrition (SAM) with clinical signs,Severe acute malnutrition (SAM) with clinical signs,Severe acute malnutrition (SAM) with clinical signs,កង្វះអាហារូបត្ថម្ភធ្ងន់ធ្ងរស្រូចស្រាវមានរោគសញ្ញាគ្លីនិក(SAM),,,Diagnosis,N/A,,,,
06356b3b-965f-415d-ad87-0e30ff3a93bf,,ICD-10:E43,Severe acute malnutrition (SAM):weight for height Z score <-3,Severe acute malnutrition (SAM):weight for height Z score <-3,Severe acute malnutrition (SAM):weight for height Z score <-3,កង្វះអាហារូបត្ថម្ភធ្ងន់ធ្ងរស្រូចស្រាវ(SAM),,,Diagnosis,N/A,,,,
ad6b75d3-620a-4986-b780-bda5d9e38b45,,ICD-10:E44.0,Mild acute malnutrition-weight for height Z score -1 to -2SD,Mild acute malnutrition-weight for height Z score -1 to -2SD,Mild acute malnutrition-weight for height Z score -1 to -2SD,កង្វះអាហារូបត្ថម្ភស្រួចស្រាវ,,,Diagnosis,N/A,,,,
a8b72ad7-413e-4a73-b91f-5df84f011d58,,ICD-10:E44.1,Moderate acute malnutrition:weight for height Z score -2 to -3,Moderate acute malnutrition:weight for height Z score -2 to -3,Moderate acute malnutrition:weight for height Z score -2 to -3,កង្វះអាហារូបត្ថម្ភស្រួចស្រាវមធ្យម,,,Diagnosis,N/A,,,,
bc3af363-10c4-4511-a62a-d90625dd57a6,,ICD-10:E46,"Malnutrition, unspecified","Malnutrition, unspecified","Malnutrition, unspecified",កង្វះអាហារូបត្ថម្ភ,,,Diagnosis,N/A,,,,
dde650dd-605c-479e-82dd-f6b668d99001,,ICD-10:F11.1,Opioid abuse,Opioid abuse,Opioid abuse,បញ្ហាសុខភាពបង្កដោយគ្រឿងញៀន Harmful use,,,Diagnosis,N/A,,,,
5e4ae0b1-c888-4596-9258-1fb64c3d448f,,ICD-10:I95,Hypotension,Hypotension,Hypotension,ចុះឈាម,,,Diagnosis,N/A,,,,
415e3569-e52e-45c4-9cbb-c31db0bcaf00,,ICD-10:I10.0,"Hypertension, secondary (HTN)","Hypertension, secondary (HTN)","Hypertension, secondary (HTN)",លើសសម្ពាធឈាមមកពីផលវិបាកផ្សេងៗ​(HTN),,,Diagnosis,N/A,,,,
4e3c977f-cbbb-4aa0-a084-deadc6f6d27f,,ICD-10:I10.9,"Hypertension, primary (HTN)","Hypertension, primary (HTN)","Hypertension, primary (HTN)",លើសសម្ពាធឈាមដំបូង(HTN),,,Diagnosis,N/A,,,,
6980d657-95ac-439d-9c09-6ce14c145195,,ICD-10:I64,Family history of stroke,Family history of stroke,Family history of stroke,ប្រវត្តិគ្រួសារនៃជំងឺដាច់សរសៃឈាមខួរក្បាល,,,Diagnosis,N/A,,,,
d5b918ff-6a4e-43ac-a31d-8ea8f74cd89f,,ICD-10:I69,Sequelae of cerebrovascular disease,Sequelae of cerebrovascular disease,Sequelae of cerebrovascular disease,លើសសម្ពាធឈាមមានទន់អវៈយវៈ,,,Diagnosis,N/A,,,,
91bf6905-0321-4906-9d08-f86a7a3f9e5f,,ICD-10:O24.4,"Diabetes mellitus during pregnancy, childbirth and puerperium","Diabetes mellitus during pregnancy, childbirth and puerperium","Diabetes mellitus during pregnancy, childbirth and puerperium",ទឹកនោមផ្អែមស្ត្រីមានផ្ទៃពោះ,,,Diagnosis,N/A,,,,
f7fdcdaf-9ff6-48c4-bbfc-579d2fcc20f3,,ICD-10:S06.3,Focal traumatic brain injury,Focal traumatic brain injury,Focal traumatic brain injury,របួសដោយគ្រោះថ្នាក់ចរាចរណ៍ មានប៉ះទង្គិចក្បាល,,,Diagnosis,N/A,,,,
b07aaee7-ad5f-47e8-9dcd-18e9180289cd,,ICD-10:S05,Eye injury,Eye injury,Eye injury,របួសភ្នែក,,,Diagnosis,N/A,,,,
ce5a7de9-3205-4a47-8b03-3df6ec0e000c,,ICD-10:T78.4,Allergic reaction,Allergic reaction,Allergic reaction,ប្រតិកម្ម​អា​ឡែ​ស៊ី,,,Diagnosis,N/A,,,,
89985cb3-6b13-4fb8-b210-9d9eac147ad5,,ICD-10:T16,Foreign body in ear,Foreign body in ear,Foreign body in ear,វត្ថុនៅក្នុងត្រចៀក,,,Diagnosis,N/A,,,,
f63b1d2a-6eba-4445-a89f-61ffa7929492,,ICD-10:T17.1,Foreign body in nose,Foreign body in nose,Foreign body in nose,វត្ថុក្នុងច្រមុះ,,,Diagnosis,N/A,,,,
dfd76777-b815-4e72-965c-9984d6ebc612,,ICD-10:T14.2,Fracture,Fracture,Fracture,ការ​បាក់,,,Diagnosis,N/A,,,,
aee529c8-7d3b-4d50-a57d-d407d85e1dc9,,ICD-10:T14.0,Insect bite,Insect bite,Insect bite,សត្វល្អិត​ខាំ,,,Diagnosis,N/A,,,,
0e3ec5a8-b44e-4d07-b885-d91b75b18860,,ICD-10:T14.8,Other injuries of unspecified body region,Other injuries of unspecified body region,Other injuries of unspecified body region,របួសផ្សេងៗ(ក្រៅពីគ្រោះថ្នាក់ចរាចរណ៍និងគ្រាប់មីន),,,Diagnosis,N/A,,,,
2f4b570a-edf2-47dc-af00-c870640e49b1,,ICD-10:V87,Other specified personal exposures and history presenting hazards to health,Other specified personal exposures and history presenting hazards to health,Other specified personal exposures and history presenting hazards to health,របួសដោយគ្រោះថ្នាក់ចរាចរណ៍ក្រៅពីប៉ះទង្គិចក្បាល,,,Diagnosis,N/A,,,,
bb506d14-3083-4aea-bf65-443ee5828d9e,,ICD-10:Y38,Terrorism,Terrorism,Terrorism,គ្រោះថ្នាក់ដោយអាវុធជាតិផ្ទុះ,,,Diagnosis,N/A,,,,
4167e5ff-bcb9-4011-bcf4-89da43b519d3,,ICD-10:Y92.64,Mine or pit as the place of occurrence of the external cause,Mine or pit as the place of occurrence of the external cause,Mine or pit as the place of occurrence of the external cause,របួសដោយគ្រោះថ្នាក់ដោយគ្រាប់មីន,,,Diagnosis,N/A,,,,
68ca0993-2ba9-4540-a91d-fa0b5c38f9b6,,ICD-10:X02,"Burn, fire","Burn, fire","Burn, fire",ភ្លើងឆេះ,,,Diagnosis,N/A,,,,
87893ad6-b966-4552-8548-75d1d74a6ce9,,ICD-10:X10,"Burn, hot water","Burn, hot water","Burn, hot water",រលាកទឹកក្តៅ,,,Diagnosis,N/A,,,,
8131a89c-4a68-457f-864e-9c0b1b1faac6,,,"Non-communicable diseases, other","Non-communicable diseases, other","Non-communicable diseases, other",ជំងឺមិនឆ្លងផ្សេងៗ,,,Diagnosis,N/A,,,,
d13fd4aa-c288-4aca-b255-51353232ac64,,ICD-10:F20,Schizophrenia,Schizophrenia,Schizophrenia,ជំងឺវិកលចរិត,,,Diagnosis,N/A,,,,
c2d712a9-2d89-4b35-ba2f-90fa28acc940,,ICD-10:F30,Manic episode,Manic episode,Manic episode,ជំងឺឡប់សតិ,,,Diagnosis,N/A,,,,
5b549198-59dd-413c-b110-8ed74855dbaa,,ICD-10:F31,Bipolar disorder,Bipolar disorder,Bipolar disorder,ភាពខូចសណ្ដាប់ធ្នាប់នៃស្មារតី,,,Diagnosis,N/A,,,,
611bdf2d-4f12-4d56-9fa1-1047ba2a64ea,,ICD-10:F33,"Depression, recurrent","Depression, recurrent","Depression, recurrent",ជំងឺព្រួយធ្លាក់ទឹកចិត្តញឹកញាប់កើតឡើង,,,Diagnosis,N/A,,,,
1dca4f14-5fc3-4034-a86a-7dc4016b488e,,ICD-10:F32,Depression,Depression,Depression,ជំងឺព្រួយធ្លាក់ទឹកចិត្ត,,,Diagnosis,N/A,,,,
379d52fb-270c-4226-a4bd-cff913d079b6,,ICD-10:F41,"Anxiety disorder, other","Anxiety disorder, other","Anxiety disorder, other",ជំងឺថប់បារម្ភផ្សេង,,,Diagnosis,N/A,,,,
7aa03737-ab75-409b-8180-3924ca734d8f,,ICD-10:F51,Sleep Disorder,Sleep Disorder,Sleep Disorder,វិបត្តិដំណេក,,,Diagnosis,N/A,,,,
6ce0a6ae-76c4-46f1-b463-f1af3dea1145,,ICD-10:F99,"Mental disorder, other","Mental disorder, other","Mental disorder, other",សុខភាពផ្លូវចិត្តផ្សេងៗ,,,Diagnosis,N/A,,,,
8087897f-7621-4da5-9016-d24c18923a9a,,ICD-10:B36,Fungal infection,Fungal infection,Fungal infection,ការឆ្លងមេរោគផ្សិត,,,Diagnosis,N/A,,,,
e8f40a81-d57a-4eeb-a9a1-2d0ae2080f6a,,ICD-10:B07,Genital warts,Genital warts,Genital warts,សិរមាន់/ដុះសាច់នៅលើប្រដាប់បន្តពូជ,,,Diagnosis,N/A,,,,
6bb27333-96ad-416d-a6dd-8c8a8413a747,,ICD-10:B08,"Viral genital infection, other","Viral genital infection, other","Viral genital infection, other",ការបង្ករោគលើប្រដាប់បន្តពូជដោយវីរុសផ្សេងៗទៀត,,,Diagnosis,N/A,,,,
3b824a71-79aa-4456-a8f9-d65a570d8481,,ICD-10:N43,Hydrocele,Hydrocele,Hydrocele,,,,Diagnosis,N/A,,,,
6a69bcba-25d8-426c-95a9-1a844076d726,,ICD-10:N45,Orchitis and epididymitis,Orchitis and epididymitis,Orchitis and epididymitis,ជំងឺរលាកទងសួត,,,Diagnosis,N/A,,,,
e3114876-566c-496d-9b50-9bc09b19a03f,,ICD-10:N47,Disorders of prepuce,Disorders of prepuce,Disorders of prepuce,ស្បែកគ្របក្បាលលិង្គ/គ្លីតូរីសភាពមិនធម្មតា,,,Diagnosis,N/A,,,,
0fa28373-aae3-4e71-8c06-b2f57d5576d0,,ICD-10:N60.0,Solitary cyst of breast,Solitary cyst of breast,Solitary cyst of breast,គីសដោះ,,,Diagnosis,N/A,,,,
9ea01f10-f6ef-4c14-b8b5-b8e057c7726c,,ICD-10:N71.01,"Salpingitis, acute","Salpingitis, acute","Salpingitis, acute",រលាកដៃស្បួនស្រួចស្រាវ,,,Diagnosis,N/A,,,,
ca4203ff-bcff-4a9f-bf3b-ccdf78025c3c,,ICD-10:N72,Inflammatory disease of cervix uteri,Inflammatory disease of cervix uteri,Inflammatory disease of cervix uteri,រលាកមាត់ស្បួន,,,Diagnosis,N/A,,,,
69b444eb-b825-49b6-aff0-da72f7912b3d,,ICD-10:N76,Inflammation of vulva vagina,Inflammation of vulva vagina,Inflammation of vulva vagina,ជំងឺរលាកប្រដាប់ភេទស្រ្តី,,,Diagnosis,N/A,,,,
d22f5d50-2a90-4a45-bc45-f2a548e992e4,,ICD-10:N81.4,Uterine or vaginal prolapse,Uterine or vaginal prolapse,Uterine or vaginal prolapse,ស្រុតស្បួន,,,Diagnosis,N/A,,,,
0c748a1f-c04d-472e-b77d-fc07885a03d3,,ICD-10:N82,Genital fistula,Genital fistula,Genital fistula,ការធ្លាយរន្ធថ្មីជាមួយទ្វារមាស,,,Diagnosis,N/A,,,,
1ac8d05d-3acb-4788-b4cc-ae4f09e16d38,,ICD-10:N83,"Noninflammory disorders of ovary, fallopian tube and broad ligament","Noninflammory disorders of ovary, fallopian tube and broad ligament","Noninflammory disorders of ovary, fallopian tube and broad ligament",,,,Diagnosis,N/A,,,,
52cea5a3-acbb-4d12-9827-665d94b2844c,,ICD-10:N83.29,Ovarian cyst,Ovarian cyst,Ovarian cyst,គីសដៃស្បូន,,,Diagnosis,N/A,,,,
d4bcc428-5dca-4ec4-9d0f-cacdf28aa59d,,ICD-10:N83.6,Hematosalpinx,Hematosalpinx,Hematosalpinx,ដុំឈាមក្នុងដៃស្បូន,,,Diagnosis,N/A,,,,
adb2073d-5695-4cf4-83cd-6d428af3132c,,ICD-10:N89.8,Vaginal discharge,Vaginal discharge,Vaginal discharge,ធ្លាក់ស​ឬហូរខ្ទុះតាមទ្វារមាស,,,Diagnosis,N/A,,,,
31511f20-2d1f-43ba-8c65-61e552decc90,,ICD-10:N92.6,"Irregular menstruation, unspecified","Irregular menstruation, unspecified","Irregular menstruation, unspecified",ជំងឺវដ្តរដូវមិនទៀង,,,Diagnosis,N/A,,,,
b9e4f8cc-eb7a-47c1-b077-ef27a2b1c113,,ICD-10:N93.9,Uterine and vaginal bleeding,Uterine and vaginal bleeding,Uterine and vaginal bleeding,ការឈឺចាប់នៃស្បូននិងទ្វារមាស,,,Diagnosis,N/A,,,,
1cdf4566-c0d7-48cf-9131-e4a62b8b7e8f,,ICD-10:N94.6,"Dysmenorrhoea, unspecified","Dysmenorrhoea, unspecified","Dysmenorrhoea, unspecified",ការឈឺចាប់ពេលមានរដូវ,,,Diagnosis,N/A,,,,
03eea06d-1e1b-41a4-98bb-5e45b9aa78db,,ICD-10:O03,Spontaneous abortion or miscarriage,Spontaneous abortion or miscarriage,Spontaneous abortion or miscarriage,រលូត,,,Diagnosis,N/A,,,,
68d09a0c-9096-4468-8595-5ed3577e294d,,ICD-10:O04,Medical abortion,Medical abortion,Medical abortion,រំលូត,,,Diagnosis,N/A,,,,
280d241e-2f47-499b-8d00-cb5f0d456ee4,,ICD-10:O60,Preterm labor,Preterm labor,Preterm labor,Preterm labor,,,Diagnosis,N/A,,,,
2774bb3e-2900-4576-9738-3e9c16fcb149,,,"Gynecologic diseases, other","Gynecologic diseases, other","Gynecologic diseases, other",ជំងឺរោគស្រ្តីផ្សេងៗ,,,Diagnosis,N/A,,,,
63a2af4d-ed3f-4c37-be49-4a1777ab7651,,ICD-10:O00,Ectopic pregnancy,Ectopic pregnancy,Ectopic pregnancy,កូនក្រៅស្បូន,,,Diagnosis,N/A,,,,
3d8cbdb7-850d-4859-8f2e-9903a141db3b,,ICD-10:O01,Hydatidiform mole,Hydatidiform mole,Hydatidiform mole,កូនពង,,,Diagnosis,N/A,,,,
2ac60468-3f5d-4416-8ebe-43ff3600b88d,,ICD-10:O02.1,Early fetal death,Early fetal death,Early fetal death,ទារកស្លាប់ក្នុងផ្ទៃក្រោម២៦សប្តាហ៍,,,Diagnosis,N/A,,,,
c498718e-9783-49c9-a176-be765daba580,,ICD-10:O12.0,Gestational oedema,Gestational oedema,Gestational oedema,ហើមពេលមានផ្ទៃពោះ,,,Diagnosis,N/A,,,,
88685474-0c48-462b-8a1c-fec33a1824c8,,ICD-10:O13,Gestational hypertension (HTN),Gestational hypertension (HTN),Gestational hypertension (HTN),លើសឈាមនៅពេលមានផ្ទៃពោះ(HTN),,,Diagnosis,N/A,,,,
47e5c6cf-9e0d-4af8-a4d8-7e9f1a67e186,,ICD-10:O14.0,Mild to moderate pre-eclampsia,Mild to moderate pre-eclampsia,Mild to moderate pre-eclampsia,បំរុងក្រឡាភ្លើងមិនធ្ងន់ធ្ងរ,,,Diagnosis,N/A,,,,
c79484e3-2053-4fba-bf24-3815ba2c7cd1,,ICD-10:O14.1,Severe pre-eclampsia,Severe pre-eclampsia,Severe pre-eclampsia,បំរុងក្រឡាភ្លើងធ្ងន់ធ្ងរ,,,Diagnosis,N/A,,,,
63a39b6b-d0ca-45aa-8148-c91e10ed93e9,,ICD-10:O15,Eclampsia,Eclampsia,Eclampsia,ក្រឡាភ្លើង,,,Diagnosis,N/A,,,,
b9025c5f-723f-4304-8987-d716ae8888a5,,ICD-10:O20,Hemorrhage in early pregnancy,Hemorrhage in early pregnancy,Hemorrhage in early pregnancy,ធ្លាក់ឈាមមុនសម្រាល,,,Diagnosis,N/A,,,,
888c96f3-892f-4218-ac84-2e883d8efd7f,,ICD-10:O21,Excessive vomiting in pregnancy,Excessive vomiting in pregnancy,Excessive vomiting in pregnancy,ក្អួតខ្លាំងពេលមានផ្ទៃពោះ,,,Diagnosis,N/A,,,,
8435e0f7-64f4-41b7-a19f-a5ba952303f2,,ICD-10:O43,Placental disorders,Placental disorders,Placental disorders,សុកនៅខុសកន្លែង,,,Diagnosis,N/A,,,,
621ed3de-4eb6-4c68-ad48-2c41f884411c,,ICD-10:O43.21,Placenta accreta,Placenta accreta,Placenta accreta,សុកស៊ីជាប់សាច់ស្បួនរាក់,,,Diagnosis,N/A,,,,
355926f0-1673-4032-bc4b-0cd6fc90dd7e,,ICD-10:O43.23,Placenta percreta,Placenta percreta,Placenta percreta,សុកស៊ីជាប់សាច់ស្បួនជ្រៅ,,,Diagnosis,N/A,,,,
a151a1cb-1206-4334-ab54-c7c4a3db64f5,,ICD-10:O44,Placenta previa,Placenta previa,Placenta previa,សុកពាំងមាត់ស្បូន,,,Diagnosis,N/A,,,,
571712e8-0895-4e29-9227-d7c876fb9775,,ICD-10:O45,Abruptio placenta,Abruptio placenta,Abruptio placenta,របើកសុកមុនកំណត់,,,Diagnosis,N/A,,,,
6e9b2b6e-2245-46ae-b7d4-01c51e2e706d,,ICD-10:O69.0,Prolapse of cord,Prolapse of cord,Prolapse of cord,ការធ្លាក់ទងសុកមកមុន,,,Diagnosis,N/A,,,,
6565c98e-9834-42fe-8fad-efcf73a0cf97,,ICD-10:O72,Postpartum hemorrhage,Postpartum hemorrhage,Postpartum hemorrhage,ធ្លាក់ឈាមក្រោយសម្រាលកូន,,,Diagnosis,N/A,,,,
beb9f57b-7681-4f2a-9b92-5e47d0a37e04,,ICD-10:O73,Retained placenta,Retained placenta,Retained placenta,សល់សុកក្នុងស្បូន,,,Diagnosis,N/A,,,,
824a6e38-53af-40c6-b6c4-8a1dafe1b2c2,,ICD-10:O85,Puerperal sepsis,Puerperal sepsis,Puerperal sepsis,ឆ្លងរោគក្រោយសម្រាលកូន,,,Diagnosis,N/A,,,,
311303c3-66c5-4f6e-8d4c-4d881b19f5cd,,ICD-10:O90.81,Puerperal anemia,Puerperal anemia,Puerperal anemia,ស្លេកស្លាំងក្រោយសម្រាល,,,Diagnosis,N/A,,,,
0e7b4f79-3c59-48b8-9f0a-cc1e47aa2a3d,,ICD-10:O99.01,Anemia complicating pregnancy,Anemia complicating pregnancy,Anemia complicating pregnancy,ស្លេកស្លាំងដោយសារមានផ្ទៃពោះ,,,Diagnosis,N/A,,,,
c426a9d3-d23f-415d-992c-d00b0b935c3e,,ICD-10:P07,Preterm delivery,Preterm delivery,Preterm delivery,Preterm delivery,,,Diagnosis,N/A,,,,
f094a170-1fb4-41d4-a370-8a7d8b9952dd,,ICD-10:P38,Omphalitis,Omphalitis,Omphalitis,ជំងឺរលាកអុចៗ,,,Diagnosis,N/A,,,,
dde60256-c978-4261-9e35-cd4b04e1ff00,,ICD-10:Z3A,Pregnancy,Pregnancy,Pregnancy,មានផ្ទៃពោះ,,,Diagnosis,N/A,,,,
1e5235ff-d0ee-4c95-abf9-7e23981e8a6e,,,"Maternity diseases, other","Maternity diseases, other","Maternity diseases, other",ជំងឺផ្នែកសម្ភពផ្សេងៗ,,,Diagnosis,N/A,,,,
2d760277-e5e0-4ad7-a09f-555487b0383b,,ICD-10:J02,Pharyngitis,Pharyngitis,Pharyngitis,ជំងឺ Pharyngitis,,,Diagnosis,N/A,,,,
6b7d065d-21ed-44c2-a4f5-42cdedc645f1,,ICD-10:J03,Tonsilitis,Tonsilitis,Tonsilitis,ជំងឺរលាកកាំរស្មី,,,Diagnosis,N/A,,,,
29450fa1-6fe3-4c6b-9f33-d3d4c1612d2b,,ICD-10:J00,"Acute nasopharyngitis (viral URI, common cold)","Acute nasopharyngitis (viral URI, common cold)","Acute nasopharyngitis (viral URI, common cold)",ជំងឺរលាកច្រមុះស្រួចស្រាល (ជំងឺផ្តាសាយទូទៅ URI),,,Diagnosis,N/A,,,,
06a47628-5b05-4b80-9be9-3135dac84608,,ICD-10:J06.9,Acute upper respiratory infection (ARI),Acute upper respiratory infection (ARI),Acute upper respiratory infection (ARI),រលាកផ្លូវដង្ហើមលើស្រួចស្រាវ(ARI),,,Diagnosis,N/A,,,,
b1c9641f-9edd-44c4-a751-b26b6f074d1a,,ICD-10:J18.9,Pneumonia,Pneumonia,Pneumonia,ជំងឺរលាកសួត,,,Diagnosis,N/A,,,,
e09e583a-36e3-4eb5-ba12-266bd3d165b8,,ICD-10:J20,Acute bronchitis,Acute bronchitis,Acute bronchitis,រលាកទងសួតស្រួចស្រាវ,,,Diagnosis,N/A,,,,
8766b8e5-9515-4544-9a6d-81aacc2dd89b,,ICD-10:J21,Bronchiolitis,Bronchiolitis,Bronchiolitis,,,,Diagnosis,N/A,,,,
cc0727f7-f66e-494c-8986-bf79feafa3cf,,ICD-10:J18.0,Bronchopneumonia,Bronchopneumonia,Bronchopneumonia,,,,Diagnosis,N/A,,,,
2c93adff-7513-4615-84ea-143f7a68465d,,ICD-10:J21,Acute bronchiolitis,Acute bronchiolitis,Acute bronchiolitis,ការរលាកទងសួតតូចស្រួចស្រាវ,,,Diagnosis,N/A,,,,
d4da763d-dacf-4fb9-b607-09b0bc2a3531,,ICD-10:J30,Rhinitis,Rhinitis,Rhinitis,រលាកច្រមុះ,,,Diagnosis,N/A,,,,
b22a053d-93fa-4975-8183-a1ab69127dd8,,ICD-10:J01,Acute sinusitis,Acute sinusitis,Acute sinusitis,រលាកឆ្អឹងsinus,,,Diagnosis,N/A,,,,
2f33e629-5780-47d7-b2ba-a99f5d15bd70,,ICD-10:J22,"Acute lower respiratory infection, other (ARI)","Acute lower respiratory infection, other (ARI)","Acute lower respiratory infection, other (ARI)",រលាកផ្លូវដង្ហើមខាងក្រោមផេ្សងទៀត(ARI​),,,Diagnosis,N/A,,,,
04e059c1-0c5e-4bcb-98a8-1674d0536b93,,ICD-10:J35.1,Hypertrophy of tonsils,Hypertrophy of tonsils,Hypertrophy of tonsils,ការរីកធំនៃ សាច់បំពង់ក,,,Diagnosis,N/A,,,,
b226f030-1f02-481c-947d-2d2eb749be18,,ICD-10:J43,Emphysema,Emphysema,Emphysema,ខ្យល់ក្នុងសួត,,,Diagnosis,N/A,,,,
2bad453d-a8f1-494d-ad70-bfff1867dc5e,,ICD-10:J44. 9,Chronic obstructive pulmonary disease (COPD),Chronic obstructive pulmonary disease (COPD),Chronic obstructive pulmonary disease (COPD),ជំងឺ​ស្ទះ​ផ្លូវដង្ហើម​រ៉ាំរ៉ៃ(COPD),,,Diagnosis,N/A,,,,
8ccd0075-8bd6-4e4d-9e74-c0931a507ccd,,ICD-10:J45,Asthma,Asthma,Asthma,ជំងឺហឺត​,,,Diagnosis,N/A,,,,
0017aea6-cc3e-4f83-94fb-994c8e00a6a2,,ICD-10:J47,Bronchiectasis,Bronchiectasis,Bronchiectasis,ជំងឺរីកទងសួត,,,Diagnosis,N/A,,,,
35e06f26-6f3b-4d20-abce-6506b90e83b4,,ICD-10:J80,Adult respiratory distress syndrome,Adult respiratory distress syndrome,Adult respiratory distress syndrome,,,,Diagnosis,N/A,,,,
3e195e4f-6031-49a8-a358-a8c676463f48,,ICD-10:J81.0,Acute pulmonary edema,Acute pulmonary edema,Acute pulmonary edema,ហើមសួតស្រួចស្រាវ,,,Diagnosis,N/A,,,,
b4a2c1d7-2331-45b6-868a-233010b956c3,,ICD-10:J85,Abscess of lung,Abscess of lung,Abscess of lung,បូសសួត,,,Diagnosis,N/A,,,,
5599fe52-256c-43c8-8962-0198d3957948,,ICD-10:J86,Pyothorax,Pyothorax,Pyothorax,ខ្ទុះក្នុងសួត,,,Diagnosis,N/A,,,,
95af7ca9-7b2f-40dc-a89d-dcfaac540016,,ICD-10:J90,Pleural effusion,Pleural effusion,Pleural effusion,ទឹកស្រោមសួត,,,Diagnosis,N/A,,,,
112a6d4c-555a-4d78-95c2-2b58b9829668,,ICD-10:J96.0,Acute respiratory failure,Acute respiratory failure,Acute respiratory failure,ខ្សោយសួតស្រួចស្រាវ,,,Diagnosis,N/A,,,,
1adf4d70-cc68-48b5-b897-b554ec4621dd,,ICD-10:J96.1,Chronic respiratory failure,Chronic respiratory failure,Chronic respiratory failure,ខ្សោយសួតរ៉ាំ​រ៉ៃ,,,Diagnosis,N/A,,,,
c54c71f1-9b44-47aa-89f3-eb9f16508997,,ICD-10:J98.11,Atelectasis,Atelectasis,Atelectasis,ស្វិតសួត,,,Diagnosis,N/A,,,,
b69c8ccb-d10f-4ba3-bbe4-134ce1a72127,,ICD-10:R04.0,Epistaxis,Epistaxis,Epistaxis,,,,Diagnosis,N/A,,,,
080029e8-7f8f-49fc-b636-1fa76a5e1117,,ICD-10:R04.2,Hemoptysis,Hemoptysis,Hemoptysis,ក្អកឈាម,,,Diagnosis,N/A,,,,
7342c680-5491-4b1e-a01b-ad4c3f1e1c6e,,ICD-10:R05,"Cough, more than 14days","Cough, more than 14days","Cough, more than 14days",ក្អកលើសពី១៤ថ្ងៃ,,,Diagnosis,N/A,,,,
cee0777e-2a2e-4b93-9414-6212654c0dd2,,ICD-10:R06.0,Dyspnea,Dyspnea,Dyspnea,ជំងឺហត់,,,Diagnosis,N/A,,,,
1bb3aa50-c45d-4f23-a5dd-7f44f51017e3,,ICD-10:R69,"Illness, unspecified","Illness, unspecified","Illness, unspecified",,,,Diagnosis,N/A,,,,
dffbf8bf-6324-4f9f-ae1a-1c47ddf67760,,ICD-10:R52,"Pain, unspecified","Pain, unspecified","Pain, unspecified",,,,Diagnosis,N/A,,,,
e961e908-f0f0-4084-80aa-fb9e1eefd824,,ICD-10:R53,Fatigue,Fatigue,Fatigue,អស់កម្លាំង,,,Diagnosis,N/A,,,,
c44f6adb-2019-4264-a109-73dc672bf83c,,,"Respiratory disorders, other","Respiratory disorders, other","Respiratory disorders, other",ជំងឺផ្លូវដង្ហើមផ្សេងៗ,,,Diagnosis,N/A,,,,
2f61a206-8197-4f36-9015-a7108938d061,,ICD-10:B82,"Intestinal parasitism, unspecified","Intestinal parasitism, unspecified","Intestinal parasitism, unspecified",ប៉ារ៉ាសិត,,,Diagnosis,N/A,,,,
39850f6b-d3b2-4e1b-a0f0-f32bc53f123d,,ICD-10:B86,Scabies,Scabies,Scabies,រមាស់ក្រោមស្បែក,,,Diagnosis,N/A,,,,
9fc371ed-39e4-443d-a218-4483fa1074c2,,ICD-10:L02,"Abscess, skin","Abscess, skin","Abscess, skin",អាប់ស,,,Diagnosis,N/A,,,,
78920ca5-ca20-491a-b064-335f48cd7009,,ICD-10:L01,Impetigo,Impetigo,Impetigo,រលកកែវ,,,Diagnosis,N/A,,,,
782709fc-b1e1-4798-9941-493521bf9025,,ICD-10:L02.03,Carbuncle​ of face​​,Carbuncle​ of face​​,Carbuncle​ of face​​,បូសទ្រនិចនៅមុខ​,,,Diagnosis,N/A,,,,
787f828b-b151-460f-9f29-8779285750a8,,ICD-10:L03,Cellulitis,Cellulitis,Cellulitis,ជំងឺកោសិកា,,,Diagnosis,N/A,,,,
8de2a655-8a97-427c-bc34-9e5f685150f5,,ICD-10:L08.9,Skin infection,Skin infection,Skin infection,ការឆ្លងស្បែក,,,Diagnosis,N/A,,,,
05200602-7b73-4c11-aeca-fafa4a8fe9d5,,ICD-10:L20,Atopic dermatitis,Atopic dermatitis,Atopic dermatitis,រលាកស្បែកត្រអក​,,,Diagnosis,N/A,,,,
7588e11a-79c2-467f-b361-d80d705b0215,,ICD-10:L21,Seborrhoeic dermatitis,Seborrhoeic dermatitis,Seborrhoeic dermatitis,ជំងឺស្បែកឡើងក្រាស់,,,Diagnosis,N/A,,,,
b651d7ed-4476-48ac-9bdf-4cc385b34de0,,ICD-10:L23,Skin allergy,Skin allergy,Skin allergy,Skin allergy,,,Diagnosis,N/A,,,,
451ca3e9-888f-44ac-be36-9f6039a3a7d0,,ICD-10:L26,Exfoliative dermatitis,Exfoliative dermatitis,Exfoliative dermatitis,រលាកស្បែកឡើងក្រហម,,,Diagnosis,N/A,,,,
dbd86681-01de-4240-b7c8-56bda759f155,,ICD-10:L29,Pruritus,Pruritus,Pruritus,រមាស់ស្បែក,,,Diagnosis,N/A,,,,
0fdcd086-8515-40a3-8c81-91f5f2c8f993,,ICD-10:L30.9,Eczema,Eczema,Eczema,ជំងឺត្រអក,,,Diagnosis,N/A,,,,
cb4cc9af-4756-4b77-a379-5c5a0e6cbb00,,ICD-10:L40,Psoriasis,Psoriasis,Psoriasis,រលាកស្បែកបែកស្រកាឡើងក្រហម,,,Diagnosis,N/A,,,,
90477d41-271a-4ac2-8c47-84b967a8807e,,ICD-10:L50,Urticaria,Urticaria,Urticaria,កន្ទាលត្រអាក,,,Diagnosis,N/A,,,,
87103a6b-97b7-4ce2-9bfa-4ae7ca427ed5,,ICD-10:L51,Erythema multiforme,Erythema multiforme,Erythema multiforme,ពងទឹកលើស្បែក,,,Diagnosis,N/A,,,,
df6ba3c8-c99a-4d62-9a2d-7c7632a8139e,,ICD-10:L55,Sunburn,Sunburn,Sunburn,រលាកស្បែកដោយសារកំដៅថ្ងៃ,,,Diagnosis,N/A,,,,
02c9907c-1542-4bb1-8654-1b2eaa38ceac,,ICD-10:L58,Radiodermatitis,Radiodermatitis,Radiodermatitis,រលាកស្បែកដោយសារកាំរស្មី,,,Diagnosis,N/A,,,,
cfadc546-7c52-4ff2-b230-d0f2311ae20a,,ICD-10:L70,Acne,Acne,Acne,ជំងឺមុន,,,Diagnosis,N/A,,,,
c78ce0b6-3f58-46b3-99e8-95721938dd47,,ICD-10:L71,Rosacea,Rosacea,Rosacea,ជំងឺមុនលើផ្ទៃមុខ,,,Diagnosis,N/A,,,,
aebac1ad-74ce-4a1a-b962-b7a45f519e47,,ICD-10:L80,Vitiligo,Vitiligo,Vitiligo,ឃ្លង់ល្ពៅ,,,Diagnosis,N/A,,,,
e9615836-6169-408c-8067-0a8b0c03d996,,ICD-10:L98,"Skin diseases, other","Skin diseases, other","Skin diseases, other",ជំងឺសើស្បែកផ្សេងៗ,,,Diagnosis,N/A,,,,
35974d22-2a49-4a67-94a1-b17cec005dde,,ICD-10:R21,Rash and other nonspecific skin eruption,Rash and other nonspecific skin eruption,Rash / nonspecific skin eruption,ស្នាមកន្ទួល,,,Diagnosis,N/A,,,,
111a97fd-8030-4771-b39f-00d43a1c023e,,ICD-10:K00.1,Supernumerary teeth,Supernumerary teeth,Supernumerary teeth,ធ្មេញដុះលើសចំនួន,,,Diagnosis,N/A,,,,
dab8ac4c-e749-452a-bda3-546382a8d673,,ICD-10:K01,Embedded and impacted teeth,Embedded and impacted teeth,Embedded and impacted teeth,ធ្មេញដុះកប់ជ្រៅ,,,Diagnosis,N/A,,,,
97b5fd36-2e90-4251-9b96-45c763fda430,,ICD-10:K02,Dental caries,Dental caries,Dental caries,ដង្កូវស៊ីធ្មេញ,,,Diagnosis,N/A,,,,
0983e49a-87b1-4fb2-95ad-293f3c1927b2,,ICD-10:K03,"Diseases of hard teeth tissue, other","Diseases of hard teeth tissue, other","Diseases of hard teeth tissue, other",ជំងឺអញ្ចាញធ្មេញផ្សេងៗ,,,Diagnosis,N/A,,,,
c7a8c9f5-98ba-4adc-ad24-a43354e5a0b2,,ICD-10:K03.81,Cracked tooth,Cracked tooth,Cracked tooth,ធ្មេញប្រេះ,,,Diagnosis,N/A,,,,
185f6dc9-d7ca-4a81-9584-81197250ad92,,ICD-10:K05.0,Acute gingivitis,Acute gingivitis,Acute gingivitis,រលាកអញ្ចាញធ្មេញស្រួចស្រាវ,,,Diagnosis,N/A,,,,
5bfbfb8e-8cc1-49c6-b203-865ab2e05362,,ICD-10:K05.1,Chronic gingivitis,Chronic gingivitis,Chronic gingivitis,រលាកអញ្ចាញធ្មេញរ៉ាំរៃ,,,Diagnosis,N/A,,,,
861d01f4-c3a2-4ae0-a0db-a07fb871080d,,ICD-10:K04.7,Dental Abscess,Dental Abscess,Dental Abscess,បូសធ្មេញ,,,Diagnosis,N/A,,,,
d8abb96d-943d-4a04-a7df-f456873ad25f,,ICD-10:K08,Dental problem,Dental problem,Dental problem,បញ្ហាធ្មេញ,,,Diagnosis,N/A,,,,
cb25913a-a97b-47da-b8f6-3a9d0438eecb,,,"Oral diseases, other","Oral diseases, other","Oral diseases, other",ជំងឺមាត់ធ្មេញផ្សេងៗ,,,Diagnosis,N/A,,,,
c704bf26-bddc-4bdd-ab03-928fd9d616a5,,ICD-10:K12.1,"Oral ulcer, other forms of stomatitis","Oral ulcer, other forms of stomatitis","Oral ulcer, other forms of stomatitis",ដំបៅមាត់,,,Diagnosis,N/A,,,,
031d565f-7915-463e-b28b-1eb77ae699c9,,ICD-10:A71,Trachoma,Trachoma,Trachoma,ជំងឺអៀស៊ីភ្នែក,,,Diagnosis,N/A,,,,
9511853b-4842-4f37-84a2-a3d8c4a59dfc,,ICD-10:H00.03,Abscess of eyelid,Abscess of eyelid,Abscess of eyelid,ខ្ទុះនៅត្របកភ្នែក,,,Diagnosis,N/A,,,,
8a50e2bd-3060-4505-a732-f7a72a7e2d27,,ICD-10:H00.1,Chalazion,Chalazion,Chalazion,ជំងឺពពែភ្នែក,,,Diagnosis,N/A,,,,
c019819b-fb69-4f94-967f-5f285dac68d4,,ICD-10:H01.0,Blepharitis,Blepharitis,Blepharitis,ជំងឺរលាកត្របកភ្នែក,,,Diagnosis,N/A,,,,
4bae84a3-1f09-4592-b9ef-01c2b0596345,,ICD-10:H02.0,Trichiasis,Trichiasis,Trichiasis,ជំងឺប្រែងចាកភ្នែក,,,Diagnosis,N/A,,,,
c3a4353f-aafb-4755-991c-b23bf4cb252b,,ICD-10:H02.2,Lagophthalmos,Lagophthalmos,Lagophthalmos,ត្របកភ្នែកបិទអត់ជិត,,,Diagnosis,N/A,,,,
6668d6bb-605d-4250-a7fe-a6b4068131a8,,ICD-10:H02.4,Ptosis of eyelid,Ptosis of eyelid,Ptosis of eyelid,ជំងឺធ្លាក់ត្របកភ្នែក,,,Diagnosis,N/A,,,,
d9073760-bc80-4936-a758-31c5c8029719,,ICD-10:H02.6,Xanthelasma of eyelid,Xanthelasma of eyelid,Xanthelasma of eyelid,ដុំខ្លាញ់នៅត្របកភ្នែក,,,Diagnosis,N/A,,,,
868615c2-0829-45c5-a957-69a57d240dcd,,ICD-10:H02.82,Cysts of eyelid,Cysts of eyelid,Cysts of eyelid,ដុំគីសលើត្របកភ្នែក,,,Diagnosis,N/A,,,,
fd33a740-b958-45a6-96b5-66e560000f22,,ICD-10:H02.83,Dermatochalasis of eyelid,Dermatochalasis of eyelid,Dermatochalasis of eyelid,ជំងឺសាច់ត្របកភ្នែកដុះច្រើន,,,Diagnosis,N/A,,,,
6d6cf3ee-37e0-4324-8cda-9fd28d8bf124,,ICD-10:H04.0,Dacryoadenitis,Dacryoadenitis,Dacryoadenitis,ជំងឺរលាកក្រពេញបញ្ចេញទឹកភ្នែក,,,Diagnosis,N/A,,,,
95e732e7-db2a-416f-9c07-5e91184d5971,,ICD-10:H04.12,Dry eye syndrome,Dry eye syndrome,Dry eye syndrome,ជំងឺស្ងួតគ្រាប់ភ្នែក,,,Diagnosis,N/A,,,,
9b2da297-568d-4533-8791-53fb614581e2,,ICD-10:H04.13,Lacrimal cyst,Lacrimal cyst,Lacrimal cyst,គីសក្រពេញទឹកភ្នែក,,,Diagnosis,N/A,,,,
8dda54da-e31f-491c-9ed6-13427ec4cd24,,ICD-10:H04.2,Epiphora,Epiphora,Epiphora,ជំងឺហូរទឹកភ្នែកច្រើន,,,Diagnosis,N/A,,,,
04f7b65c-0ad9-4cdb-b766-1b5cca6ab1ef,,ICD-10:H04.32,Acute dacryocystitis,Acute dacryocystitis,Acute dacryocystitis,រលាកថង់ទឹកភ្នែកស្រួចស្រាវ,,,Diagnosis,N/A,,,,
8813106b-a103-4211-b239-8b55352fade6,,ICD-10:H04.41,Chronic dacryocystitis,Chronic dacryocystitis,Chronic dacryocystitis,រលាកថង់ទឹកភ្នែករុំារ៉ៃ,,,Diagnosis,N/A,,,,
e31c5c72-8ad1-4307-9284-2edc8dc95482,,ICD-10:H05.81,Cyst of orbit,Cyst of orbit,Cyst of orbit,គីសអ័កប៊ីត,,,Diagnosis,N/A,,,,
b728c25d-6909-49b6-9dc0-f0c38f222f63,,ICD-10:H10,Conjunctivitis,Conjunctivitis,Conjunctivitis,ជំងឺភ្នែកក្រហម,,,Diagnosis,N/A,,,,
9aa45dc0-79c1-41c8-a93b-816f7a507638,,ICD-10:H11.00,Pterygium of eye,Pterygium of eye,Pterygium of eye,ជំងឺកន្ទុយថ្លែន,,,Diagnosis,N/A,,,,
8c8410de-c823-473c-893c-8c8d375fb6f7,,ICD-10:H16,Keratitis,Keratitis,Keratitis,រលាកកញ្ចក់ភ្នែក,,,Diagnosis,N/A,,,,
6db51065-4fb2-405c-80f0-f49da067824d,,ICD-10:H16.0,Corneal ulcer,Corneal ulcer,Corneal ulcer,ដំបៅកញ្ចក់ភ្នែក,,,Diagnosis,N/A,,,,
f03420c5-ce06-48f7-a33a-1942dd90d033,,ICD-10:H20.8,Uveitis,Uveitis,Uveitis,ជំងឺរលាកប្រស្រីភ្នែក,,,Diagnosis,N/A,,,,
30a8a927-6d7a-4777-ac08-a3147cede401,,ICD-10:H25,Age related cataract,Age related cataract,Age related cataract,ជំងឺឡើងបាយភ្នែកមនុស្សចាស់,,,Diagnosis,N/A,,,,
a8c675b8-25ed-46d8-9b6a-6405cbd58216,,ICD-10:H26,"Cataract, other","Cataract, other","Cataract, other",ជំងឺឡើងបាយភ្នែកផ្សេងៗ,,,Diagnosis,N/A,,,,
b3287526-b610-46e5-96e6-a953a1ea892a,,ICD-10:H40,Glaucoma,Glaucoma,Glaucoma,ជំងឺដក់ទឹកក្នុងភ្នែក,,,Diagnosis,N/A,,,,
967bc6cc-ac0f-4e1c-9e58-3074940adba1,,ICD-10:H53,Visual disturbances,Visual disturbances,Visual distubances,ការរំខានដែលមើលឃើញ,,,Diagnosis,N/A,,,,
564f872c-fd2a-46b5-9c1f-86c2dd3eb936,,ICD-10:H60,Otitis externa,Otitis externa,Otitis externa,Otitis externa,,,Diagnosis,N/A,,,,
18320b6e-9582-4f16-bdde-0f005a69a228,,ICD-10:H66.9,"Otitis media, unspecified","Otitis media, unspecified","Otitis media, unspecified",Otitis media មិនបានបញ្ជាក់,,,Diagnosis,N/A,,,,
7107add7-5d67-4df3-ba65-3cafa414d5bb,,ICD-10:H66,"Otitis media, chronic","Otitis media, chronic","Otitis media, chronic",Otitis media រ៉ាំរ៉ៃ,,,Diagnosis,N/A,,,,
8d670702-15f1-4bde-8107-0d1f4d2a09ab,,ICD-10:H57,Eye diseases,Eye diseases,Eye diseases,ជំងឺភ្នែក,,,Diagnosis,N/A,,,,
8b85403c-54fa-442c-b407-65a5e8208a43,,,"Eye problem, other","Eye problem, other","Eye problem, other",ជំងឺភ្នែកផ្សេងៗ,,,Diagnosis,N/A,,,,
e98eeb46-e539-479c-a455-8eb90b4bd27e,,,Diagnoses,Diagnoses,Diagnoses,,,,ConvSet,N/A,,"Tension headache; Neuropathy; Fatigue; Hypothyroidism; Hyperthyroidism; Skin allergy; Dehydration; Preterm labor; Preterm delivery; Pain, unspecified;Illness, unspecified;Congenital malformations of musculoskeletal system, not elsewhere classified; Cholera; Cholera, unspecified; Typhoid and Paratyphoid Fevers; Amebiasis; Amebic Liver Abscess; Gastroenteritis diarrhea (GE); Gastroenteritis diarrhea, moderate (GE); Gastroenteritis diarrhea, severe (GE); Tetanus neonatorum; Tetanus, other; Diphtheria; Whooping cough; Sepsis, unspecified organism; Acute poliomyelitis; Rabies; Dysentery; Measles; Schistosomiasis; Anemia; Tumor; Anemia, folate; Anemia, iron; Anemia, unspecified; Hypoglycemia, unspecified; Meningitis, unspecified; Epilepsy, unspecified; Migraine; Heart failure, unspecified; Angina pectoris; Acute myocardial infarction; Cerebral Infarction (Stroke); Stomatitis; Gastric ulcer; Gastritis; Hepatitis, chronic; Hernia, inguinal; Hernia, umbilical; Peptic ulcer, site unspecifed; Acute gastritis; Chronic gastritis, unspecified; Hemorrhoids; Rectal polyp; Cirrhosis; Cholecystitis; Arthritis, unspecified; Musculoskeletal pain; Osteoporosis, unspecified; Nephritic syndrome; Renal colic, unspecified; Urinary tract infection (UTI); Jaundice, unspecified; Ascites; Fever of unknown origin (FUO); Abdominal pain; Abdominal/digestive problems, other; Drug toxicity; Petrol intoxication; Food intoxication; Snake bite; Poisoning/Ingestion of non medicinal substances; Poisoning/Ingestion of chemical substances; Congenital heart disease (CHD); Down syndrome; Turner syndrome; Wound, infected; Wound, open, cut from bite; Trauma; Diseases, other; STD; Dengue fever; Dengue fever, hemorrhagic (non shock); Dengue fever, hemorrhagic (with shock); Dengue fever, suspected; Dengue-like fever; Chikungunya virus; Chikungunya virus, suspected; Enteroviral vesicular stomatitis with exanthem; Hepatitis A; Hepatitis B; Hepatitis C; HIV/AIDS; Mumps; Malaria, Plasmodium falciparum malaria with cerebral complications; Severe and complicated plasmodium falciparum malaria, other; Malaria, unspecified; Influenza due to certain identified influenza virus; Influenza, virus not identified; Communicable diseases, other; Tuberculosis of lung; Tuberculous pleurisy; Respiratory tuberculosis, primary; Respiratory tuberculosis, other; Respiratory tuberculosis, unspecified; Tuberculous meningitis; Tuberculosis of nervous system, other; Tuberculosis of other bones; Tuberculous peritonitis; Tuberculosis, other organs; Miliary TB; Leprosy, unspecified; MOTT(mycobacterium other than TB) pulmonary mycobacterial infection; MDR(multi-drug resistant) TB confirmed by culture; B1 deficiency; Vitamin deficiency; Diabetic type 1 (DM); Diabetic type 2 (DM); Severe acute malnutrition (SAM) with nutritional oedema; Severe acute malnutrition (SAM) with clinical signs; Severe acute malnutrition (SAM):weight for height Z score <-3; Mild acute malnutrition-weight for height Z score -1 to -2SD; Moderate acute malnutrition:weight for height Z score -2 to -3; Malnutrition, unspecified; Opioid abuse; Hypotension; Hypertension, secondary (HTN); Hypertension, primary (HTN); Family history of stroke; Sequelae of cerebrovascular disease; Diabetes mellitus during pregnancy, childbirth and puerperium; Focal traumatic brain injury; Eye injury; Allergic reaction; Foreign body in ear; Foreign body in nose; Fracture; Insect bite; Other injuries of unspecified body region; Other specified personal exposures and history presenting hazards to health; Terrorism; Mine or pit as the place of occurrence of the external cause; Burn, fire; Burn, hot water; Non-communicable diseases, other; Schizophrenia; Manic episode; Bipolar disorder; Depression, recurrent; Depression; Anxiety disorder, other; Sleep Disorder; Mental disorder, other; Fungal infection; Genital warts; Viral genital infection, other; Hydrocele; Orchitis and epididymitis; Disorders of prepuce; Solitary cyst of breast; Salpingitis, acute; Inflammatory disease of cervix uteri; Inflammation of vulva vagina; Uterine or vaginal prolapse; Genital fistula; Noninflammory disorders of ovary, fallopian tube and broad ligament; Ovarian cyst; Hematosalpinx; Vaginal discharge; Irregular menstruation, unspecified; Uterine and vaginal bleeding; Dysmenorrhoea, unspecified; Spontaneous abortion or miscarriage; Medical abortion; Gynecologic diseases, other; Ectopic pregnancy; Hydatidiform mole; Early fetal death; Gestational oedema; Gestational hypertension (HTN); Mild to moderate pre-eclampsia; Severe pre-eclampsia; Eclampsia; Hemorrhage in early pregnancy; Excessive vomiting in pregnancy; Placental disorders; Placenta accreta; Placenta percreta; Placenta previa; Abruptio placenta; Prolapse of cord; Postpartum hemorrhage; Retained placenta; Puerperal sepsis; Puerperal anemia; Anemia complicating pregnancy; Omphalitis; Maternity diseases, other; Pharyngitis; Tonsilitis; Acute nasopharyngitis (viral URI, common cold); Acute upper respiratory infection (ARI); Pneumonia; Acute bronchitis; Bronchiolitis; Bronchopneumonia; Acute bronchiolitis; Rhinitis; Acute sinusitis; Acute lower respiratory infection, other (ARI); Hypertrophy of tonsils; Emphysema; Asthma; Bronchiectasis; Adult respiratory distress syndrome; Acute pulmonary edema; Abscess of lung; Pyothorax; Pleural effusion; Acute respiratory failure; Chronic respiratory failure; Atelectasis; Epistaxis; Hemoptysis; Cough, more than 14days; Dyspnea; Respiratory disorders, other; Intestinal parasitism, unspecified; Scabies; Abscess, skin; Impetigo; Carbuncle​ of face​​; Cellulitis; Skin infection; Atopic dermatitis; Seborrhoeic dermatitis; Exfoliative dermatitis; Pruritus; Eczema; Psoriasis; Urticaria; Erythema multiforme; Sunburn; Radiodermatitis; Acne; Rosacea; Vitiligo; Skin diseases, other; Supernumerary teeth; Embedded and impacted teeth; Dental caries; Diseases of hard teeth tissue, other; Cracked tooth; Acute gingivitis; Chronic gingivitis; Dental Abscess; Dental problem; Oral diseases, other; Trachoma; Abscess of eyelid; Chalazion; Blepharitis; Trichiasis; Lagophthalmos; Ptosis of eyelid; Xanthelasma of eyelid; Cysts of eyelid; Dermatochalasis of eyelid; Dacryoadenitis; Dry eye syndrome; Lacrimal cyst; Epiphora; Acute dacryocystitis; Chronic dacryocystitis; Cyst of orbit; Conjunctivitis; Pterygium of eye; Keratitis; Corneal ulcer; Uveitis; Age related cataract; Cataract, other; Glaucoma; Visual disturbances; Otitis externa; Otitis media, unspecified; Otitis media, chronic; Eye diseases; Eye problem, other; Gastroesophageal reflux disease (GERD); Pregnancy; Chronic obstructive pulmonary disease (COPD); Oral ulcer, other forms of stomatitis;  Rash and other nonspecific skin eruption;",,
fa9e3298-b797-412b-9807-fb0851bfa2fc,,,Offline Diagnosis,Offline Diagnosis,Offline Diagnosis,,,,Question,Coded,"Tension headache; Neuropathy; Fatigue; Hypothyroidism; Hyperthyroidism; Skin allergy; Dehydration; Preterm labor; Preterm delivery;  Pain, unspecified;Illness, unspecified;Congenital malformations of musculoskeletal system, not elsewhere classified; Cholera; Cholera, unspecified; Typhoid and Paratyphoid Fevers; Amebiasis; Amebic Liver Abscess; Gastroenteritis diarrhea (GE); Gastroenteritis diarrhea, moderate (GE); Gastroenteritis diarrhea, severe (GE); Tetanus neonatorum; Tetanus, other; Diphtheria; Whooping cough; Sepsis, unspecified organism; Acute poliomyelitis; Rabies; Dysentery; Measles; Schistosomiasis; Anemia; Tumor; Anemia, folate; Anemia, iron; Anemia, unspecified; Hypoglycemia, unspecified; Meningitis, unspecified; Epilepsy, unspecified; Migraine; Heart failure, unspecified; Angina pectoris; Acute myocardial infarction; Cerebral Infarction (Stroke); Stomatitis; Gastric ulcer; Gastritis; Hepatitis, chronic; Hernia, inguinal; Hernia, umbilical; Peptic ulcer, site unspecifed; Acute gastritis; Chronic gastritis, unspecified; Hemorrhoids; Rectal polyp; Cirrhosis; Cholecystitis; Arthritis, unspecified; Musculoskeletal pain; Osteoporosis, unspecified; Nephritic syndrome; Renal colic, unspecified; Urinary tract infection (UTI); Jaundice, unspecified; Ascites; Fever of unknown origin (FUO); Abdominal pain; Abdominal/digestive problems, other; Drug toxicity; Petrol intoxication; Food intoxication; Snake bite; Poisoning/Ingestion of non medicinal substances; Poisoning/Ingestion of chemical substances; Congenital heart disease (CHD); Down syndrome; Turner syndrome; Wound, infected; Wound, open, cut from bite; Trauma; Diseases, other; STD; Dengue fever; Dengue fever, hemorrhagic (non shock); Dengue fever, hemorrhagic (with shock); Dengue fever, suspected; Dengue-like fever; Chikungunya virus; Chikungunya virus, suspected; Enteroviral vesicular stomatitis with exanthem; Hepatitis A; Hepatitis B; Hepatitis C; HIV/AIDS; Mumps; Malaria, Plasmodium falciparum malaria with cerebral complications; Severe and complicated plasmodium falciparum malaria, other; Malaria, unspecified; Influenza due to certain identified influenza virus; Influenza, virus not identified; Communicable diseases, other; Tuberculosis of lung; Tuberculous pleurisy; Respiratory tuberculosis, primary; Respiratory tuberculosis, other; Respiratory tuberculosis, unspecified; Tuberculous meningitis; Tuberculosis of nervous system, other; Tuberculosis of other bones; Tuberculous peritonitis; Tuberculosis, other organs; Miliary TB; Leprosy, unspecified; MOTT(mycobacterium other than TB) pulmonary mycobacterial infection; MDR(multi-drug resistant) TB confirmed by culture; B1 deficiency; Vitamin deficiency; Diabetic type 1 (DM); Diabetic type 2 (DM); Severe acute malnutrition (SAM) with nutritional oedema; Severe acute malnutrition (SAM) with clinical signs; Severe acute malnutrition (SAM):weight for height Z score <-3; Mild acute malnutrition-weight for height Z score -1 to -2SD; Moderate acute malnutrition:weight for height Z score -2 to -3; Malnutrition, unspecified; Opioid abuse; Hypotension; Hypertension, secondary (HTN); Hypertension, primary (HTN); Family history of stroke; Sequelae of cerebrovascular disease; Diabetes mellitus during pregnancy, childbirth and puerperium; Focal traumatic brain injury; Eye injury; Allergic reaction; Foreign body in ear; Foreign body in nose; Fracture; Insect bite; Other injuries of unspecified body region; Other specified personal exposures and history presenting hazards to health; Terrorism; Mine or pit as the place of occurrence of the external cause; Burn, fire; Burn, hot water; Non-communicable diseases, other; Schizophrenia; Manic episode; Bipolar disorder; Depression, recurrent; Depression; Anxiety disorder, other; Sleep Disorder; Mental disorder, other; Fungal infection; Genital warts; Viral genital infection, other; Hydrocele; Orchitis and epididymitis; Disorders of prepuce; Solitary cyst of breast; Salpingitis, acute; Inflammatory disease of cervix uteri; Inflammation of vulva vagina; Uterine or vaginal prolapse; Genital fistula; Noninflammory disorders of ovary, fallopian tube and broad ligament; Ovarian cyst; Hematosalpinx; Vaginal discharge; Irregular menstruation, unspecified; Uterine and vaginal bleeding; Dysmenorrhoea, unspecified; Spontaneous abortion or miscarriage; Medical abortion; Gynecologic diseases, other; Ectopic pregnancy; Hydatidiform mole; Early fetal death; Gestational oedema; Gestational hypertension (HTN); Mild to moderate pre-eclampsia; Severe pre-eclampsia; Eclampsia; Hemorrhage in early pregnancy; Excessive vomiting in pregnancy; Placental disorders; Placenta accreta; Placenta percreta; Placenta previa; Abruptio placenta; Prolapse of cord; Postpartum hemorrhage; Retained placenta; Puerperal sepsis; Puerperal anemia; Anemia complicating pregnancy; Omphalitis; Maternity diseases, other; Pharyngitis; Tonsilitis; Acute nasopharyngitis (viral URI, common cold); Acute upper respiratory infection (ARI); Pneumonia; Acute bronchitis; Bronchiolitis; Bronchopneumonia; Acute bronchiolitis; Rhinitis; Acute sinusitis; Acute lower respiratory infection, other (ARI); Hypertrophy of tonsils; Emphysema; Asthma; Bronchiectasis; Adult respiratory distress syndrome; Acute pulmonary edema; Abscess of lung; Pyothorax; Pleural effusion; Acute respiratory failure; Chronic respiratory failure; Atelectasis; Epistaxis; Hemoptysis; Cough, more than 14days; Dyspnea; Respiratory disorders, other; Intestinal parasitism, unspecified; Scabies; Abscess, skin; Impetigo; Carbuncle​ of face​​; Cellulitis; Skin infection; Atopic dermatitis; Seborrhoeic dermatitis; Exfoliative dermatitis; Pruritus; Eczema; Psoriasis; Urticaria; Erythema multiforme; Sunburn; Radiodermatitis; Acne; Rosacea; Vitiligo; Skin diseases, other; Supernumerary teeth; Embedded and impacted teeth; Dental caries; Diseases of hard teeth tissue, other; Cracked tooth; Acute gingivitis; Chronic gingivitis; Dental Abscess; Dental problem; Oral diseases, other; Trachoma; Abscess of eyelid; Chalazion; Blepharitis; Trichiasis; Lagophthalmos; Ptosis of eyelid; Xanthelasma of eyelid; Cysts of eyelid; Dermatochalasis of eyelid; Dacryoadenitis; Dry eye syndrome; Lacrimal cyst; Epiphora; Acute dacryocystitis; Chronic dacryocystitis; Cyst of orbit; Conjunctivitis; Pterygium of eye; Keratitis; Corneal ulcer; Uveitis; Age related cataract; Cataract, other; Glaucoma; Visual disturbances; Otitis externa; Otitis media, unspecified; Otitis media, chronic; Eye diseases; Eye problem, other; Gastroesophageal reflux disease (GERD); Pregnancy; Chronic obstructive pulmonary disease (COPD); Oral ulcer, other forms of stomatitis;  Rash and other nonspecific skin eruption;",,,
63aa4b2e-3e75-480a-9ac0-75aa2e61e5b2,,,General medicine,General medicine,General medicine,,,,ConvSet,N/A,,"Tension headache; Neuropathy; Fatigue; Hypothyroidism; Hyperthyroidism; Skin allergy; Dehydration; Congenital malformations of musculoskeletal system, not elsewhere classified;  Anemia; Tumor; Anemia, folate; Anemia, iron; Anemia, unspecified; Hypoglycemia, unspecified; Meningitis, unspecified; Epilepsy, unspecified; Migraine; Heart failure, unspecified; Angina pectoris; Acute myocardial infarction; Cerebral Infarction (Stroke);  Gastric ulcer; Gastritis; Hernia, inguinal; Hernia, umbilical;  Peptic ulcer, site unspecifed; Acute gastritis; Chronic gastritis, unspecified; Hemorrhoids; Rectal polyp; Cirrhosis; Cholecystitis; Arthritis, unspecified; Musculoskeletal pain; Osteoporosis, unspecified; Nephritic syndrome; Renal colic, unspecified; Urinary tract infection (UTI); Jaundice, unspecified; Ascites; Fever of unknown origin (FUO); Abdominal pain; Abdominal/digestive problems, other; Congenital heart disease (CHD); Down syndrome; Turner syndrome; Diseases, other; Gastroesophageal reflux disease (GERD); Pregnancy;Illness, unspecified;Pain, unspecified",,
335dd300-a48e-4fec-97fb-2ddc514358ca,,,Communicable diseases,Communicable diseases,Communicable diseases,,,,ConvSet,N/A,,"Intestinal parasitism, unspecified; Hepatitis, chronic; Cholera; Cholera, unspecified; Typhoid and Paratyphoid Fevers; Amebiasis; Amebic Liver Abscess; Gastroenteritis diarrhea (GE); Gastroenteritis diarrhea, moderate (GE); Gastroenteritis diarrhea, severe (GE); Tetanus neonatorum; Tetanus, other; Diphtheria; Whooping cough; Sepsis, unspecified organism; Acute poliomyelitis; Rabies; Dysentery; Measles; Schistosomiasis; Fungal infection; STD; Dengue fever; Dengue fever, hemorrhagic (non shock); Dengue fever, hemorrhagic (with shock); Dengue fever, suspected; Dengue-like fever; Chikungunya virus; Chikungunya virus, suspected; Enteroviral vesicular stomatitis with exanthem; Hepatitis A; Hepatitis B; Hepatitis C; HIV/AIDS; Mumps; Malaria, Plasmodium falciparum malaria with cerebral complications; Severe and complicated plasmodium falciparum malaria, other; Malaria, unspecified; Influenza due to certain identified influenza virus; Influenza, virus not identified; Communicable diseases, other",,
1ecb387b-ad19-4d82-8687-0f8effd56a4f,,,TB,TB,TB,,,,ConvSet,N/A,,"Tuberculosis of lung; Tuberculous pleurisy; Respiratory tuberculosis, primary; Respiratory tuberculosis, other; Respiratory tuberculosis, unspecified; Tuberculous meningitis; Tuberculosis of nervous system, other; Tuberculosis of other bones; Tuberculous peritonitis; Tuberculosis, other organs; Miliary TB; Leprosy, unspecified; MOTT(mycobacterium other than TB) pulmonary mycobacterial infection; MDR(multi-drug resistant) TB confirmed by culture",,
fc71d480-2a0b-4cda-8af4-140061a307aa,,,Non-communicable diseases,Non-communicable diseases,Non-communicable diseases,,,,ConvSet,N/A,,"B1 deficiency; Vitamin deficiency; Diabetic type 1 (DM); Diabetic type 2 (DM); Severe acute malnutrition (SAM) with nutritional oedema; Severe acute malnutrition (SAM) with clinical signs; Severe acute malnutrition (SAM):weight for height Z score <-3; Mild acute malnutrition-weight for height Z score -1 to -2SD; Moderate acute malnutrition:weight for height Z score -2 to -3; Malnutrition, unspecified; Opioid abuse; Hypotension; Hypertension, secondary (HTN); Hypertension, primary (HTN); Family history of stroke; Sequelae of cerebrovascular disease; Diabetes mellitus during pregnancy, childbirth and puerperium; Focal traumatic brain injury; Eye injury; Allergic reaction; Foreign body in ear; Foreign body in nose; Fracture; Insect bite; Other injuries of unspecified body region; Other specified personal exposures and history presenting hazards to health; Terrorism; Mine or pit as the place of occurrence of the external cause; Burn, fire; Burn, hot water; Drug toxicity; Petrol intoxication; Food intoxication; Snake bite; Poisoning/Ingestion of non medicinal substances; Poisoning/Ingestion of chemical substances; Non-communicable diseases, other;Wound, infected;Wound, open, cut from bite;Trauma;",,
2dfbcd1e-c343-4733-935d-e34ae9cf8f25,,,Mental health,Mental health,Mental health,,,,ConvSet,N/A,,"Schizophrenia; Manic episode; Bipolar disorder; Depression, recurrent; Depression; Anxiety disorder, other; Sleep Disorder; Mental disorder, other",,
ab2ff42e-37e6-483d-9da8-f33fe1ff7a78,,,Gynecology,Gynecology,Gynecology,,,,ConvSet,N/A,,"Genital warts; Viral genital infection, other; Hydrocele; Orchitis and epididymitis; Disorders of prepuce; Solitary cyst of breast; Salpingitis, acute; Inflammatory disease of cervix uteri; Inflammation of vulva vagina; Uterine or vaginal prolapse; Genital fistula; Noninflammory disorders of ovary, fallopian tube and broad ligament; Ovarian cyst; Hematosalpinx; Vaginal discharge; Irregular menstruation, unspecified; Uterine and vaginal bleeding; Dysmenorrhoea, unspecified; Spontaneous abortion or miscarriage; Medical abortion; Gynecologic diseases, other",,
6cc1c0f7-58a8-43d4-a16c-fb3de7bdf911,,,Maternity,Maternity,Maternity,,,,ConvSet,N/A,,"Preterm labor; Preterm delivery; Pregnancy; Ectopic pregnancy; Hydatidiform mole; Early fetal death; Gestational oedema; Gestational hypertension (HTN); Mild to moderate pre-eclampsia; Severe pre-eclampsia; Eclampsia; Hemorrhage in early pregnancy; Excessive vomiting in pregnancy; Placental disorders; Placenta accreta; Placenta percreta; Placenta previa; Abruptio placenta; Prolapse of cord; Postpartum hemorrhage; Retained placenta; Puerperal sepsis; Puerperal anemia; Anemia complicating pregnancy; Omphalitis; Maternity diseases, other",,
775f2691-5368-4a74-86af-802a4d95b954,,,Respiratory diseases,Respiratory diseases,Respiratory diseases,,,,ConvSet,N/A,,"Pharyngitis; Tonsilitis; Acute nasopharyngitis (viral URI, common cold); Acute upper respiratory infection (ARI); Pneumonia; Acute bronchitis; Bronchiolitis; Bronchopneumonia; Acute bronchiolitis; Rhinitis; Acute sinusitis; Acute lower respiratory infection, other (ARI); Hypertrophy of tonsils; Emphysema; Asthma; Bronchiectasis; Adult respiratory distress syndrome; Acute pulmonary edema; Abscess of lung; Pyothorax; Pleural effusion; Acute respiratory failure; Chronic respiratory failure; Atelectasis; Epistaxis; Hemoptysis; Cough, more than 14days; Dyspnea; Respiratory disorders, other; Chronic obstructive pulmonary disease (COPD);",,
f4233d3c-b5e9-428f-b9a3-1d58f74a28e9,,,Dermatology,Dermatology,Dermatology,,,,ConvSet,N/A,,"Scabies; Abscess, skin; Impetigo; Carbuncle​ of face​​; Cellulitis; Skin infection; Atopic dermatitis; Seborrhoeic dermatitis; Exfoliative dermatitis; Pruritus; Eczema; Psoriasis; Urticaria; Erythema multiforme; Sunburn; Radiodermatitis; Acne; Rosacea; Vitiligo; Skin diseases, other; Rash and other nonspecific skin eruption;",,
8a74f7ce-f4f6-46be-8cf8-35878d5410d8,,,Dental diseases,Dental diseases,Dental diseases,,,,ConvSet,N/A,,"Supernumerary teeth; Embedded and impacted teeth; Dental caries; Diseases of hard teeth tissue, other; Cracked tooth; Acute gingivitis; Chronic gingivitis; Dental Abscess; Dental problem; Oral diseases, other; Oral ulcer, other forms of stomatitis; Stomatitis;",,
0c5f33bf-2445-42e4-824f-f2d3890d58e7,,,Opthalmology,Opthalmology,Opthalmology,,,,ConvSet,N/A,,"Trachoma; Abscess of eyelid; Chalazion; Blepharitis; Trichiasis; Lagophthalmos; Ptosis of eyelid; Xanthelasma of eyelid; Cysts of eyelid; Dermatochalasis of eyelid; Dacryoadenitis; Dry eye syndrome; Lacrimal cyst; Epiphora; Acute dacryocystitis; Chronic dacryocystitis; Cyst of orbit; Conjunctivitis; Pterygium of eye; Keratitis; Corneal ulcer; Uveitis; Age related cataract; Cataract, other; Glaucoma; Visual disturbances; Otitis externa; Otitis media, unspecified; Otitis media, chronic; Eye diseases; Eye problem, other",,
a88d149d-87b8-468f-af16-913239671f67,,,Diagnosis Set of Sets,Diagnosis Set of Sets,,,,,ConvSet,N/A,,General medicine; Communicable diseases; TB; Non-communicable diseases; Mental health; Gynecology; Maternity; Respiratory diseases; Dermatology; Dental diseases; Opthalmology,,