Uuid,Void/Retire,Same as mappings,Fully specified name:en,Fully specified name:km,Short name:en,Short name:km,Description:en,Description:km,Data class,Data type,Complex data handler,Answers,Members,Allow decimals,Units,Normal low,Normal high,Absolute low,Absolute high,_version:1,_order:1300
,,,Misc_Cholera,Misc_Cholera,Cholera,អាសន្នរោគ,,,Misc,N/A,,,,,,,,,,,
,,,"Misc_Cholera, unspecified","Misc_Cholera, unspecified","Cholera, unspecified",សង្ស័យអាសន្នរោគ,,,Misc,N/A,,,,,,,,,,,
,,,Misc_Typhoid and Paratyphoid Fevers,Misc_Typhoid and Paratyphoid Fevers,Typhoid and Paratyphoid Fevers,គ្រុនពោះវៀន,,,Misc,N/A,,,,,,,,,,,
,,,Misc_Amebiasis,Misc_Amebiasis,Amebiasis,រាកមួល​,,,Misc,N/A,,,,,,,,,,,
,,,Misc_Amebic Liver Abscess,Misc_Amebic Liver Abscess,Amebic Liver Abscess,Amebic Liver Abscess,,,Misc,N/A,,,,,,,,,,,
,,,Misc_Gastroenteritis diarrhea (GE),Misc_Gastroenteritis diarrhea (GE),Gastroenteritis diarrhea (GE),រាកគ្មានខ្សោះជាតិទឹក(GE),,,Misc,N/A,,,,,,,,,,,
,,,"Misc_Gastroenteritis diarrhea, moderate (GE)","Misc_Gastroenteritis diarrhea, moderate (GE)","Gastroenteritis diarrhea, moderate (GE)",រាកមានខ្សោះជាតិទឹកមធ្យម(GE),,,Misc,N/A,,,,,,,,,,,
,,,"Misc_Gastroenteritis diarrhea, severe (GE)","Misc_Gastroenteritis diarrhea, severe (GE)","Gastroenteritis diarrhea, severe (GE)",រាកមានខ្សោះជាតិទឹកធ្ងន់ធ្ងរ(GE),,,Misc,N/A,,,,,,,,,,,
,,,Misc_Tetanus neonatorum,Misc_Tetanus neonatorum,Tetanus neonatorum,តេតាណូសទារក,,,Misc,N/A,,,,,,,,,,,
,,,"Misc_Tetanus, other","Misc_Tetanus, other","Tetanus, other",តេតាណូសផ្សេងៗទៀត,,,Misc,N/A,,,,,,,,,,,
,,,Misc_Diphtheria,Misc_Diphtheria,Diphtheria,ខាន់ស្លាក់,,,Misc,N/A,,,,,,,,,,,
,,,Misc_Whooping cough,Misc_Whooping cough,Whooping cough,ក្អកមាន់,,,Misc,N/A,,,,,,,,,,,
,,,"Misc_Sepsis, unspecified organism","Misc_Sepsis, unspecified organism","Sepsis, unspecified organism",ឆ្លងរោគក្នុងឈាម,,,Misc,N/A,,,,,,,,,,,
,,,Misc_Acute poliomyelitis,Misc_Acute poliomyelitis,Acute poliomyelitis,គ្រុនទន់អវៈយវៈ,,,Misc,N/A,,,,,,,,,,,
,,,Misc_Rabies,Misc_Rabies,Rabies,ជំងឺឆ្កែឆ្កួតខាំ,,,Misc,N/A,,,,,,,,,,,
,,,Misc_Dysentery,Misc_Dysentery,Dysentery,រាគមួល,,,Misc,N/A,,,,,,,,,,,
,,,Misc_Measles,Misc_Measles,Measles,កញ្រ្ចិល,,,Misc,N/A,,,,,,,,,,,
,,,Misc_Schistosomiasis,Misc_Schistosomiasis,Schistosomiasis,ស៊ីសស្តូសូមីញ៉ាស៊ីស,,,Misc,N/A,,,,,,,,,,,
,,,Misc_Anemia,Misc_Anemia,Anemia,ភាពស្លកសាំង,,,Misc,N/A,,,,,,,,,,,
,,,Misc_Tumor,Misc_Tumor,Tumor,ដុំមហារីក,,,Misc,N/A,,,,,,,,,,,
,,,"Misc_Anemia, folate","Misc_Anemia, folate","Anemia, folate",អាស៊ីតខ្វះឈាម,,,Misc,N/A,,,,,,,,,,,
,,,"Misc_Anemia, iron","Misc_Anemia, iron","Anemia, iron",ជាតិដែកខ្វះឈាម,,,Misc,N/A,,,,,,,,,,,
,,,"Misc_Anemia, unspecified","Misc_Anemia, unspecified","Anemia, unspecified",ជំងឺស្លេកស្លាំង,,,Misc,N/A,,,,,,,,,,,
,,,Misc_Hypothyroidism,Misc_Hypothyroidism,Hypothyroidism,Hypothyroidism,,,Misc,N/A,,,,,,,,,,,
,,,Misc_Hyperthyroidism,Misc_Hyperthyroidism,Hyperthyroidism,Hyperthyroidism,,,Misc,N/A,,,,,,,,,,,
,,,"Misc_Hypoglycemia, unspecified","Misc_Hypoglycemia, unspecified","Hypoglycemia, unspecified",ជំងឺថយចុះជាតិស្ករ,,,Misc,N/A,,,,,,,,,,,
,,,Misc_Dehydration,Misc_Dehydration,Dehydration,ខះជាតិទឹក,,,Misc,N/A,,,,,,,,,,,
,,,"Misc_Meningitis, unspecified","Misc_Meningitis, unspecified","Meningitis, unspecified",ជំងឺរលាកស្រោមខួរក្បាល,,,Misc,N/A,,,,,,,,,,,
,,,"Misc_Epilepsy, unspecified","Misc_Epilepsy, unspecified","Epilepsy, unspecified",ជំងឺឆ្កួតជ្រូក,,,Misc,N/A,,,,,,,,,,,
,,,Misc_Migraine,Misc_Migraine,Migraine,ជំងឺឈឺក្បាលប្រកាំង,,,Misc,N/A,,,,,,,,,,,
,,,Misc_Tension headache,Misc_Tension headache,Tension headache,Tension headache,,,Misc,N/A,,,,,,,,,,,
,,,Misc_Neuropathy,Misc_Neuropathy,Neuropathy,ជំងឺសរសៃប្រសាទ,,,Misc,N/A,,,,,,,,,,,
,,,"Misc_Heart failure, unspecified","Misc_Heart failure, unspecified","Heart failure, unspecified",ជម្ងឺខ្សោយបេះដូង,,,Misc,N/A,,,,,,,,,,,
,,,Misc_Angina pectoris,Misc_Angina pectoris,Angina pectoris,ចុកទ្រូងដោយសារបញ្ហាសរសៃឈាមបេះដូង,,,Misc,N/A,,,,,,,,,,,
,,,Misc_Acute myocardial infarction,Misc_Acute myocardial infarction,Acute myocardial infarction,ស្លាប់សាច់បេះដូងស្រួចស្រាវ,,,Misc,N/A,,,,,,,,,,,
,,,Misc_Cerebral Infarction (Stroke),Misc_Cerebral Infarction (Stroke),Cerebral Infarction (Stroke),ស្ទះសរសៃរឈាមខួរក្បាល(Stroke),,,Misc,N/A,,,,,,,,,,,
,,,Misc_Stomatitis,Misc_Stomatitis,Stomatitis,,,,Misc,N/A,,,,,,,,,,,
,,,Misc_Gastric ulcer,Misc_Gastric ulcer,Gastric ulcer,ដំបៅក្រពះ,,,Misc,N/A,,,,,,,,,,,
,,,Misc_Gastritis,Misc_Gastritis,Gastritis,រលាកក្រពះ,,,Misc,N/A,,,,,,,,,,,
,,,Misc_Gastroesophageal reflux disease (GERD),Misc_Gastroesophageal reflux disease (GERD),Gastroesophageal reflux disease (GERD),ជំងឺច្រាលក្រពះពោះវៀន(GERD),,,Misc,N/A,,,,,,,,,,,
,,,"Misc_Hepatitis, chronic","Misc_Hepatitis, chronic","Hepatitis, chronic",ជំងឺរលាកថ្លើម,,,Misc,N/A,,,,,,,,,,,
,,,"Misc_Hernia, inguinal","Misc_Hernia, inguinal","Hernia, inguinal",ក្លន inguinal,,,Misc,N/A,,,,,,,,,,,
,,,"Misc_Hernia, umbilical","Misc_Hernia, umbilical","Hernia, umbilical",ក្លនលាមក,,,Misc,N/A,,,,,,,,,,,
,,,"Misc_Peptic ulcer, site unspecifed","Misc_Peptic ulcer, site unspecifed","Peptic ulcer, site unspecifed",ដំបៅក្រពះ តំបន់មិនបានបញ្ជាក់,,,Misc,N/A,,,,,,,,,,,
,,,Misc_Acute gastritis,Misc_Acute gastritis,Acute gastritis,រលាកក្រពះស្រួចស្រាវ,,,Misc,N/A,,,,,,,,,,,
,,,"Misc_Chronic gastritis, unspecified","Misc_Chronic gastritis, unspecified","Chronic gastritis, unspecified",រលាកក្រពះរ៉ាំរ៉ៃ,,,Misc,N/A,,,,,,,,,,,
,,,Misc_Rectal polyp,Misc_Rectal polyp,Rectal polyp,ពោះវៀនធំ,,,Misc,N/A,,,,,,,,,,,
,,,Misc_Hemorrhoids,Misc_Hemorrhoids,Hemorrhoids,ជំងឺឬសដូងបាត,,,Misc,N/A,,,,,,,,,,,
,,,Misc_Cirrhosis,Misc_Cirrhosis,Cirrhosis,ក្រិនថ្លើម,,,Misc,N/A,,,,,,,,,,,
,,,Misc_Cholecystitis,Misc_Cholecystitis,Cholecystitis,រលាកថង់ទឹកប្រមាត់,,,Misc,N/A,,,,,,,,,,,
,,,"Misc_Arthritis, unspecified","Misc_Arthritis, unspecified","Arthritis, unspecified",រលាកសន្លាក់គ្មានខ្ទុះ,,,Misc,N/A,,,,,,,,,,,
,,,Misc_Musculoskeletal pain,Misc_Musculoskeletal pain,Musculoskeletal pain,ឈឺសាច់ដុំ,,,Misc,N/A,,,,,,,,,,,
,,,"Misc_Osteoporosis, unspecified","Misc_Osteoporosis, unspecified","Osteoporosis, unspecified",រោគពុកឆ្អឹង,,,Misc,N/A,,,,,,,,,,,
,,,Misc_Nephritic syndrome,Misc_Nephritic syndrome,Nephritic syndrome,,,,Misc,N/A,,,,,,,,,,,
,,,"Misc_Renal colic, unspecified","Misc_Renal colic, unspecified","Renal colic, unspecified",ចុកតំរងនោម,,,Misc,N/A,,,,,,,,,,,
,,,Misc_Urinary tract infection (UTI),Misc_Urinary tract infection (UTI),Urinary tract infection (UTI),ការឆ្លងមេរោគលើផ្លូវបង្ហូរទឹកនោម(UTI),,,Misc,N/A,,,,,,,,,,,
,,,"Misc_Jaundice, unspecified","Misc_Jaundice, unspecified","Jaundice, unspecified",ជំងឺគ្រុនលឿង,,,Misc,N/A,,,,,,,,,,,
,,,Misc_Ascites,Misc_Ascites,Ascites,ទាចទឹក,,,Misc,N/A,,,,,,,,,,,
,,,Misc_Fever of unknown origin (FUO),Misc_Fever of unknown origin (FUO),Fever of unknown origin (FUO),គ្រុនក្តៅមិនដឹងប្រភពដើម(FUO​),,,Misc,N/A,,,,,,,,,,,
,,,Misc_Abdominal pain,Misc_Abdominal pain,Abdominal pain,ឈឺពោះ,,,Misc,N/A,,,,,,,,,,,
,,,"Misc_Abdominal/digestive problems, other","Misc_Abdominal/digestive problems, other","Abdominal/digestive problems, other",បញ្ហាពោះឬរំលាយអាហារ,,,Misc,N/A,,,,,,,,,,,
,,,Misc_Drug toxicity,Misc_Drug toxicity,Drug toxicity,ពុលថ្នាំពេទ្យ,,,Misc,N/A,,,,,,,,,,,
,,,Misc_Petrol intoxication,Misc_Petrol intoxication,Petrol intoxication,គ្រឿងស្រវឹង,,,Misc,N/A,,,,,,,,,,,
,,,Misc_Food intoxication,Misc_Food intoxication,Food intoxication,ពុលចំណីអាហារ,,,Misc,N/A,,,,,,,,,,,
,,,Misc_Snake bite,Misc_Snake bite,Snake bite,ពស់ចឹក,,,Misc,N/A,,,,,,,,,,,
,,,Misc_Poisoning/Ingestion of non medicinal substances,Misc_Poisoning/Ingestion of non medicinal substances,Poisoning/Ingestion of non medicinal substances,ពុលសារធាតុផ្សេងៗ,,,Misc,N/A,,,,,,,,,,,
,,,Misc_Poisoning/Ingestion of chemical substances,Misc_Poisoning/Ingestion of chemical substances,Poisoning/Ingestion of chemical substances,ពុលសារធាតុគីមី,,,Misc,N/A,,,,,,,,,,,
,,,Misc_Congenital heart disease (CHD),Misc_Congenital heart disease (CHD),Congenital heart disease (CHD),ជំងឺបេះដូងពីកំណើត(CHD),,,Misc,N/A,,,,,,,,,,,
,,,"Misc_Congenital malformations of musculoskeletal system, not elsewhere classified","Misc_Congenital malformations of musculoskeletal system, not elsewhere classified","Congenital malformations of musculoskeletal system, not elsewhere classified","Congenital malformations of musculoskeletal system, not elsewhere classified",,,Misc,N/A,,,,,,,,,,,
,,,Misc_Down syndrome,Misc_Down syndrome,Down syndrome,ចុះរោគសញ្ញា,,,Misc,N/A,,,,,,,,,,,
,,,Misc_Turner syndrome,Misc_Turner syndrome,Turner syndrome,ជម្ងឺ Turner,,,Misc,N/A,,,,,,,,,,,
,,,"Misc_Wound, infected","Misc_Wound, infected","Wound, infected",រងរបួស,,,Misc,N/A,,,,,,,,,,,
,,,"Misc_Wound, open, cut from bite","Misc_Wound, open, cut from bite","Wound, open, cut from bite",របួសចំហរ ស្នាមដាច់រលាត់ពីការខាំ,,,Misc,N/A,,,,,,,,,,,
,,,Misc_Trauma,Misc_Trauma,Trauma,របួស,,,Misc,N/A,,,,,,,,,,,
,,,"Misc_Diseases, other","Misc_Diseases, other","Diseases, other",ជំងឺទូទៅផ្សេងៗ,,,Misc,N/A,,,,,,,,,,,
,,,Misc_STD,Misc_STD,STD,ជំងឺកាមរោគ (STD),,,Misc,N/A,,,,,,,,,,,
,,,Misc_Dengue fever,Misc_Dengue fever,Dengue fever,ជំងឺគ្រុនឈាម,,,Misc,N/A,,,,,,,,,,,
,,,"Misc_Dengue fever, hemorrhagic (non shock)","Misc_Dengue fever, hemorrhagic (non shock)","Dengue fever, hemorrhagic (non shock)",ជំងឺគ្រុនឈាមគ្មានស្ហុក,,,Misc,N/A,,,,,,,,,,,
,,,"Misc_Dengue fever, hemorrhagic (with shock)","Misc_Dengue fever, hemorrhagic (with shock)","Dengue fever, hemorrhagic (with shock)",ជំងឺគ្រុនឈាមមានស្ហុក,,,Misc,N/A,,,,,,,,,,,
,,,"Misc_Dengue fever, suspected","Misc_Dengue fever, suspected","Dengue fever, suspected",គ្រុនឈាមសង្ស័យ​,,,Misc,N/A,,,,,,,,,,,
,,,Misc_Dengue-like fever,Misc_Dengue-like fever,Dengue-like fever,គ្រុនឈាមប្រហាក់ប្រហែល,,,Misc,N/A,,,,,,,,,,,
,,,Misc_Chikungunya virus,Misc_Chikungunya virus,Chikungunya virus,គ្រុនឈិកសង្ស័យ,,,Misc,N/A,,,,,,,,,,,
,,,"Misc_Chikungunya virus, suspected","Misc_Chikungunya virus, suspected","Chikungunya virus, suspected",គ្រុនឈិកប្រហាក់ប្រហែល,,,Misc,N/A,,,,,,,,,,,
,,,Misc_Enteroviral vesicular stomatitis with exanthem,Misc_Enteroviral vesicular stomatitis with exanthem,Enteroviral vesicular stomatitis with exanthem,ជំងឹពងបែកនៅដៃ-ជើង-មាត់,,,Misc,N/A,,,,,,,,,,,
,,,Misc_Hepatitis A,Misc_Hepatitis A,Hepatitis A,រលាកថ្លើមប្រភេទ A,,,Misc,N/A,,,,,,,,,,,
,,,Misc_Hepatitis B,Misc_Hepatitis B,Hepatitis B,រលាកថ្លើមប្រភេទ B,,,Misc,N/A,,,,,,,,,,,
,,,Misc_Hepatitis C,Misc_Hepatitis C,Hepatitis C,រលាកថ្លើមប្រភេទ C,,,Misc,N/A,,,,,,,,,,,
,,,Misc_HIV/AIDS,Misc_HIV/AIDS,HIV/AIDS,ជំងឺអេដស៏,,,Misc,N/A,,,,,,,,,,,
,,,Misc_Mumps,Misc_Mumps,Mumps,ជំងឺស្រឡទែន,,,Misc,N/A,,,,,,,,,,,
,,,"Misc_Malaria, Plasmodium falciparum malaria with cerebral complications","Misc_Malaria, Plasmodium falciparum malaria with cerebral complications","Malaria, Plasmodium falciparum malaria with cerebral complications",គ្រុនចាញ់ស្រាល,,,Misc,N/A,,,,,,,,,,,
,,,"Misc_Severe and complicated plasmodium falciparum malaria, other","Misc_Severe and complicated plasmodium falciparum malaria, other","Severe and complicated plasmodium falciparum malaria, other",គ្រុនចាញ់ធ្ងន់ធ្ងរ,,,Misc,N/A,,,,,,,,,,,
,,,"Misc_Malaria, unspecified","Misc_Malaria, unspecified","Malaria, unspecified",ជំងឺគ្រុនចាញ់មិនត្រូវបានបញ្ជាក់,,,Misc,N/A,,,,,,,,,,,
,,,Misc_Influenza due to certain identified influenza virus,Misc_Influenza due to certain identified influenza virus,Influenza due to certain identified influenza virus,ផ្តាសាយបក្សី,,,Misc,N/A,,,,,,,,,,,
,,,"Misc_Influenza, virus not identified","Misc_Influenza, virus not identified","Influenza, virus not identified",ផ្តាសាយផ្សេងៗ,,,Misc,N/A,,,,,,,,,,,
,,,"Misc_Communicable diseases, other","Misc_Communicable diseases, other","Communicable diseases, other",ជំងឺឆ្លងផ្សេងៗ,,,Misc,N/A,,,,,,,,,,,
,,,Misc_Tuberculosis of lung,Misc_Tuberculosis of lung,Tuberculosis of lung,របេងសួត,,,Misc,N/A,,,,,,,,,,,
,,,Misc_Tuberculous pleurisy,Misc_Tuberculous pleurisy,Tuberculous pleurisy,របេងស្រោមសួត,,,Misc,N/A,,,,,,,,,,,
,,,"Misc_Respiratory tuberculosis, primary","Misc_Respiratory tuberculosis, primary","Respiratory tuberculosis, primary",,,,Misc,N/A,,,,,,,,,,,
,,,"Misc_Respiratory tuberculosis, other","Misc_Respiratory tuberculosis, other","Respiratory tuberculosis, other",ជំងឺរបេងសួតផ្សេងៗ,,,Misc,N/A,,,,,,,,,,,
,,,"Misc_Respiratory tuberculosis, unspecified","Misc_Respiratory tuberculosis, unspecified","Respiratory tuberculosis, unspecified",របេងសួតសង្ស័យ,,,Misc,N/A,,,,,,,,,,,
,,,Misc_Tuberculous meningitis,Misc_Tuberculous meningitis,Tuberculous meningitis,រលាកស្រោមខួរបណ្ដាលមកពីរបេង Tuberculous meningitis,,,Misc,N/A,,,,,,,,,,,
,,,"Misc_Tuberculosis of nervous system, other","Misc_Tuberculosis of nervous system, other","Tuberculosis of nervous system, other",របេងប្រព័ន្ឋសរសៃប្រសាទផ្សេងៗ,,,Misc,N/A,,,,,,,,,,,
,,,Misc_Tuberculosis of other bones,Misc_Tuberculosis of other bones,Tuberculosis of other bones,របេងឆ្អឹង,,,Misc,N/A,,,,,,,,,,,
,,,Misc_Tuberculous peritonitis,Misc_Tuberculous peritonitis,Tuberculous peritonitis,របេងស្រោមពោះ,,,Misc,N/A,,,,,,,,,,,
,,,"Misc_Tuberculosis, other organs","Misc_Tuberculosis, other organs","Tuberculosis, other organs",របេងសរីរាង្គផេ្សងទៀត,,,Misc,N/A,,,,,,,,,,,
,,,Misc_Miliary TB,Misc_Miliary TB,Miliary TB,របេងមីលីយែរ,,,Misc,N/A,,,,,,,,,,,
,,,"Misc_Leprosy, unspecified","Misc_Leprosy, unspecified","Leprosy, unspecified",ហង់សិន,,,Misc,N/A,,,,,,,,,,,
,,,Misc_MOTT(mycobacterium other than TB) pulmonary mycobacterial infection,Misc_MOTT(mycobacterium other than TB) pulmonary mycobacterial infection,MOTT(mycobacterium other than TB) pulmonary mycobacterial infection,ជំងឺបង្កឡើងដោយមីកូបាក់តេរីផ្សេងៗ ទៀត,,,Misc,N/A,,,,,,,,,,,
,,,Misc_MDR(multi-drug resistant) TB confirmed by culture,Misc_MDR(multi-drug resistant) TB confirmed by culture,MDR(multi-drug resistant) TB confirmed by culture,របេងស៊ាំថ្នាំមានការបណ្ដុះមេរោគ,,,Misc,N/A,,,,,,,,,,,
,,,Misc_B1 deficiency,Misc_B1 deficiency,B1 deficiency,កង្វះ B1,,,Misc,N/A,,,,,,,,,,,
,,,Misc_Vitamin deficiency,Misc_Vitamin deficiency,Vitamin deficiency,កង្វះវីតាមីន,,,Misc,N/A,,,,,,,,,,,
,,,Misc_Diabetic type 1 (DM),Misc_Diabetic type 1 (DM),Diabetic type 1 (DM),ជំងឺទឹកនោមផ្អែម១(DM),,,Misc,N/A,,,,,,,,,,,
,,,Misc_Diabetic type 2 (DM),Misc_Diabetic type 2 (DM),Diabetic type 2 (DM),ជំងឺទឹកនោមផ្អែម២(DM),,,Misc,N/A,,,,,,,,,,,
,,,Misc_Severe acute malnutrition (SAM) with nutritional oedema,Misc_Severe acute malnutrition (SAM) with nutritional oedema,Severe acute malnutrition (SAM) with nutritional oedema,កង្វះអាហារូបត្ថម្ភធ្ងន់ធ្ងរស្រូចស្រាវមានហើម(SAM),,,Misc,N/A,,,,,,,,,,,
,,,Misc_Severe acute malnutrition (SAM) with clinical signs,Misc_Severe acute malnutrition (SAM) with clinical signs,Severe acute malnutrition (SAM) with clinical signs,កង្វះអាហារូបត្ថម្ភធ្ងន់ធ្ងរស្រូចស្រាវមានរោគសញ្ញាគ្លីនិក(SAM),,,Misc,N/A,,,,,,,,,,,
,,,Misc_Severe acute malnutrition (SAM) - weight for height Z score <-3,Misc_Severe acute malnutrition (SAM) - weight for height Z score <-3,Severe acute malnutrition (SAM) - weight for height Z score <-3,កង្វះអាហារូបត្ថម្ភធ្ងន់ធ្ងរស្រូចស្រាវ(SAM),,,Misc,N/A,,,,,,,,,,,
,,,Misc_Mild acute malnutrition-weight for height Z score -1 to -2SD,Misc_Mild acute malnutrition-weight for height Z score -1 to -2SD,Mild acute malnutrition-weight for height Z score -1 to -2SD,កង្វះអាហារូបត្ថម្ភស្រួចស្រាវ,,,Misc,N/A,,,,,,,,,,,
,,,Misc_Moderate acute malnutrition - weight for height Z score -2 to -3,Misc_Moderate acute malnutrition - weight for height Z score -2 to -3,Moderate acute malnutrition - weight for height Z score -2 to -3,កង្វះអាហារូបត្ថម្ភស្រួចស្រាវមធ្យម,,,Misc,N/A,,,,,,,,,,,
,,,"Misc_Malnutrition, unspecified","Misc_Malnutrition, unspecified","Malnutrition, unspecified",កង្វះអាហារូបត្ថម្ភ,,,Misc,N/A,,,,,,,,,,,
,,,Misc_Opioid abuse,Misc_Opioid abuse,Opioid abuse,បញ្ហាសុខភាពបង្កដោយគ្រឿងញៀន Harmful use,,,Misc,N/A,,,,,,,,,,,
,,,Misc_Hypotension,Misc_Hypotension,Hypotension,ចុះឈាម,,,Misc,N/A,,,,,,,,,,,
,,,"Misc_Hypertension, secondary (HTN)","Misc_Hypertension, secondary (HTN)","Hypertension, secondary (HTN)",លើសសម្ពាធឈាមមកពីផលវិបាកផ្សេងៗ​(HTN),,,Misc,N/A,,,,,,,,,,,
,,,"Misc_Hypertension, primary (HTN)","Misc_Hypertension, primary (HTN)","Hypertension, primary (HTN)",លើសសម្ពាធឈាមដំបូង(HTN),,,Misc,N/A,,,,,,,,,,,
,,,Misc_Family history of stroke,Misc_Family history of stroke,Family history of stroke,ប្រវត្តិគ្រួសារនៃជំងឺដាច់សរសៃឈាមខួរក្បាល,,,Misc,N/A,,,,,,,,,,,
,,,Misc_Sequelae of cerebrovascular disease,Misc_Sequelae of cerebrovascular disease,Sequelae of cerebrovascular disease,លើសសម្ពាធឈាមមានទន់អវៈយវៈ,,,Misc,N/A,,,,,,,,,,,
,,,"Misc_Diabetes mellitus during pregnancy, childbirth and puerperium","Misc_Diabetes mellitus during pregnancy, childbirth and puerperium","Diabetes mellitus during pregnancy, childbirth and puerperium",ទឹកនោមផ្អែមស្ត្រីមានផ្ទៃពោះ,,,Misc,N/A,,,,,,,,,,,
,,,Misc_Focal traumatic brain injury,Misc_Focal traumatic brain injury,Focal traumatic brain injury,របួសដោយគ្រោះថ្នាក់ចរាចរណ៍ មានប៉ះទង្គិចក្បាល,,,Misc,N/A,,,,,,,,,,,
,,,Misc_Eye injury,Misc_Eye injury,Eye injury,របួសភ្នែក,,,Misc,N/A,,,,,,,,,,,
,,,Misc_Allergic reaction,Misc_Allergic reaction,Allergic reaction,ប្រតិកម្ម​អា​ឡែ​ស៊ី,,,Misc,N/A,,,,,,,,,,,
,,,Misc_Foreign body in ear,Misc_Foreign body in ear,Foreign body in ear,វត្ថុនៅក្នុងត្រចៀក,,,Misc,N/A,,,,,,,,,,,
,,,Misc_Foreign body in nose,Misc_Foreign body in nose,Foreign body in nose,វត្ថុក្នុងច្រមុះ,,,Misc,N/A,,,,,,,,,,,
,,,Misc_Fracture,Misc_Fracture,Fracture,ការ​បាក់,,,Misc,N/A,,,,,,,,,,,
,,,Misc_Insect bite,Misc_Insect bite,Insect bite,សត្វល្អិត​ខាំ,,,Misc,N/A,,,,,,,,,,,
,,,Misc_Other injuries of unspecified body region,Misc_Other injuries of unspecified body region,Other injuries of unspecified body region,របួសផ្សេងៗ(ក្រៅពីគ្រោះថ្នាក់ចរាចរណ៍និងគ្រាប់មីន),,,Misc,N/A,,,,,,,,,,,
,,,Misc_Other specified personal exposures and history presenting hazards to health,Misc_Other specified personal exposures and history presenting hazards to health,Other specified personal exposures and history presenting hazards to health,របួសដោយគ្រោះថ្នាក់ចរាចរណ៍ក្រៅពីប៉ះទង្គិចក្បាល,,,Misc,N/A,,,,,,,,,,,
,,,Misc_Terrorism,Misc_Terrorism,Terrorism,គ្រោះថ្នាក់ដោយអាវុធជាតិផ្ទុះ,,,Misc,N/A,,,,,,,,,,,
,,,Misc_Mine or pit as the place of occurrence of the external cause,Misc_Mine or pit as the place of occurrence of the external cause,Mine or pit as the place of occurrence of the external cause,របួសដោយគ្រោះថ្នាក់ដោយគ្រាប់មីន,,,Misc,N/A,,,,,,,,,,,
,,,"Misc_Burn, fire","Misc_Burn, fire","Burn, fire",ភ្លើងឆេះ,,,Misc,N/A,,,,,,,,,,,
,,,"Misc_Burn, hot water","Misc_Burn, hot water","Burn, hot water",រលាកទឹកក្តៅ,,,Misc,N/A,,,,,,,,,,,
,,,"Misc_Non-communicable diseases, other","Misc_Non-communicable diseases, other","Non-communicable diseases, other",ជំងឺមិនឆ្លងផ្សេងៗ,,,Misc,N/A,,,,,,,,,,,
,,,Misc_Schizophrenia,Misc_Schizophrenia,Schizophrenia,ជំងឺវិកលចរិត,,,Misc,N/A,,,,,,,,,,,
,,,Misc_Manic episode,Misc_Manic episode,Manic episode,ជំងឺឡប់សតិ,,,Misc,N/A,,,,,,,,,,,
,,,Misc_Bipolar disorder,Misc_Bipolar disorder,Bipolar disorder,ភាពខូចសណ្ដាប់ធ្នាប់នៃស្មារតី,,,Misc,N/A,,,,,,,,,,,
,,,"Misc_Depression, recurrent","Misc_Depression, recurrent","Depression, recurrent",ជំងឺព្រួយធ្លាក់ទឹកចិត្តញឹកញាប់កើតឡើង,,,Misc,N/A,,,,,,,,,,,
,,,Misc_Depression,Misc_Depression,Depression,ជំងឺព្រួយធ្លាក់ទឹកចិត្ត,,,Misc,N/A,,,,,,,,,,,
,,,"Misc_Anxiety disorder, other","Misc_Anxiety disorder, other","Anxiety disorder, other",ជំងឺថប់បារម្ភផ្សេង,,,Misc,N/A,,,,,,,,,,,
,,,Misc_Sleep Disorder,Misc_Sleep Disorder,Sleep Disorder,វិបត្តិដំណេក,,,Misc,N/A,,,,,,,,,,,
,,,"Misc_Mental disorder, other","Misc_Mental disorder, other","Mental disorder, other",សុខភាពផ្លូវចិត្តផ្សេងៗ,,,Misc,N/A,,,,,,,,,,,
,,,Misc_Fungal infection,Misc_Fungal infection,Fungal infection,ការឆ្លងមេរោគផ្សិត,,,Misc,N/A,,,,,,,,,,,
,,,Misc_Genital warts,Misc_Genital warts,Genital warts,សិរមាន់/ដុះសាច់នៅលើប្រដាប់បន្តពូជ,,,Misc,N/A,,,,,,,,,,,
,,,"Misc_Viral genital infection, other","Misc_Viral genital infection, other","Viral genital infection, other",ការបង្ករោគលើប្រដាប់បន្តពូជដោយវីរុសផ្សេងៗទៀត,,,Misc,N/A,,,,,,,,,,,
,,,Misc_Hydrocele,Misc_Hydrocele,Hydrocele,,,,Misc,N/A,,,,,,,,,,,
,,,Misc_Orchitis and epididymitis,Misc_Orchitis and epididymitis,Orchitis and epididymitis,ជំងឺរលាកទងសួត,,,Misc,N/A,,,,,,,,,,,
,,,Misc_Disorders of prepuce,Misc_Disorders of prepuce,Disorders of prepuce,ស្បែកគ្របក្បាលលិង្គ/គ្លីតូរីសភាពមិនធម្មតា,,,Misc,N/A,,,,,,,,,,,
,,,Misc_Solitary cyst of breast,Misc_Solitary cyst of breast,Solitary cyst of breast,គីសដោះ,,,Misc,N/A,,,,,,,,,,,
,,,"Misc_Salpingitis, acute","Misc_Salpingitis, acute","Salpingitis, acute",រលាកដៃស្បួនស្រួចស្រាវ,,,Misc,N/A,,,,,,,,,,,
,,,Misc_Inflammatory disease of cervix uteri,Misc_Inflammatory disease of cervix uteri,Inflammatory disease of cervix uteri,រលាកមាត់ស្បួន,,,Misc,N/A,,,,,,,,,,,
,,,Misc_Inflammation of vulva vagina,Misc_Inflammation of vulva vagina,Inflammation of vulva vagina,ជំងឺរលាកប្រដាប់ភេទស្រ្តី,,,Misc,N/A,,,,,,,,,,,
,,,Misc_Uterine or vaginal prolapse,Misc_Uterine or vaginal prolapse,Uterine or vaginal prolapse,ស្រុតស្បួន,,,Misc,N/A,,,,,,,,,,,
,,,Misc_Genital fistula,Misc_Genital fistula,Genital fistula,ការធ្លាយរន្ធថ្មីជាមួយទ្វារមាស,,,Misc,N/A,,,,,,,,,,,
,,,"Misc_Noninflammory disorders of ovary, fallopian tube and broad ligament","Misc_Noninflammory disorders of ovary, fallopian tube and broad ligament","Noninflammory disorders of ovary, fallopian tube and broad ligament",,,,Misc,N/A,,,,,,,,,,,
,,,Misc_Ovarian cyst,Misc_Ovarian cyst,Ovarian cyst,គីសដៃស្បូន,,,Misc,N/A,,,,,,,,,,,
,,,Misc_Hematosalpinx,Misc_Hematosalpinx,Hematosalpinx,ដុំឈាមក្នុងដៃស្បូន,,,Misc,N/A,,,,,,,,,,,
,,,Misc_Vaginal discharge,Misc_Vaginal discharge,Vaginal discharge,ធ្លាក់ស​ឬហូរខ្ទុះតាមទ្វារមាស,,,Misc,N/A,,,,,,,,,,,
,,,"Misc_Irregular menstruation, unspecified","Misc_Irregular menstruation, unspecified","Irregular menstruation, unspecified",ជំងឺវដ្តរដូវមិនទៀង,,,Misc,N/A,,,,,,,,,,,
,,,Misc_Uterine and vaginal bleeding,Misc_Uterine and vaginal bleeding,Uterine and vaginal bleeding,ការឈឺចាប់នៃស្បូននិងទ្វារមាស,,,Misc,N/A,,,,,,,,,,,
,,,"Misc_Dysmenorrhoea, unspecified","Misc_Dysmenorrhoea, unspecified","Dysmenorrhoea, unspecified",ការឈឺចាប់ពេលមានរដូវ,,,Misc,N/A,,,,,,,,,,,
,,,Misc_Spontaneous abortion or miscarriage,Misc_Spontaneous abortion or miscarriage,Spontaneous abortion or miscarriage,រលូត,,,Misc,N/A,,,,,,,,,,,
,,,Misc_Medical abortion,Misc_Medical abortion,Medical abortion,រំលូត,,,Misc,N/A,,,,,,,,,,,
,,,Misc_Preterm labor,Misc_Preterm labor,Preterm labor,Preterm labor,,,Misc,N/A,,,,,,,,,,,
,,,"Misc_Gynecologic diseases, other","Misc_Gynecologic diseases, other","Gynecologic diseases, other",ជំងឺរោគស្រ្តីផ្សេងៗ,,,Misc,N/A,,,,,,,,,,,
,,,Misc_Ectopic pregnancy,Misc_Ectopic pregnancy,Ectopic pregnancy,កូនក្រៅស្បូន,,,Misc,N/A,,,,,,,,,,,
,,,Misc_Hydatidiform mole,Misc_Hydatidiform mole,Hydatidiform mole,កូនពង,,,Misc,N/A,,,,,,,,,,,
,,,Misc_Early fetal death,Misc_Early fetal death,Early fetal death,ទារកស្លាប់ក្នុងផ្ទៃក្រោម២៦សប្តាហ៍,,,Misc,N/A,,,,,,,,,,,
,,,Misc_Gestational oedema,Misc_Gestational oedema,Gestational oedema,ហើមពេលមានផ្ទៃពោះ,,,Misc,N/A,,,,,,,,,,,
,,,Misc_Gestational hypertension (HTN),Misc_Gestational hypertension (HTN),Gestational hypertension (HTN),លើសឈាមនៅពេលមានផ្ទៃពោះ(HTN),,,Misc,N/A,,,,,,,,,,,
,,,Misc_Mild to moderate pre-eclampsia,Misc_Mild to moderate pre-eclampsia,Mild to moderate pre-eclampsia,បំរុងក្រឡាភ្លើងមិនធ្ងន់ធ្ងរ,,,Misc,N/A,,,,,,,,,,,
,,,Misc_Severe pre-eclampsia,Misc_Severe pre-eclampsia,Severe pre-eclampsia,បំរុងក្រឡាភ្លើងធ្ងន់ធ្ងរ,,,Misc,N/A,,,,,,,,,,,
,,,Misc_Eclampsia,Misc_Eclampsia,Eclampsia,ក្រឡាភ្លើង,,,Misc,N/A,,,,,,,,,,,
,,,Misc_Hemorrhage in early pregnancy,Misc_Hemorrhage in early pregnancy,Hemorrhage in early pregnancy,ធ្លាក់ឈាមមុនសម្រាល,,,Misc,N/A,,,,,,,,,,,
,,,Misc_Excessive vomiting in pregnancy,Misc_Excessive vomiting in pregnancy,Excessive vomiting in pregnancy,ក្អួតខ្លាំងពេលមានផ្ទៃពោះ,,,Misc,N/A,,,,,,,,,,,
,,,Misc_Placental disorders,Misc_Placental disorders,Placental disorders,សុកនៅខុសកន្លែង,,,Misc,N/A,,,,,,,,,,,
,,,Misc_Placenta accreta,Misc_Placenta accreta,Placenta accreta,សុកស៊ីជាប់សាច់ស្បួនរាក់,,,Misc,N/A,,,,,,,,,,,
,,,Misc_Placenta percreta,Misc_Placenta percreta,Placenta percreta,សុកស៊ីជាប់សាច់ស្បួនជ្រៅ,,,Misc,N/A,,,,,,,,,,,
,,,Misc_Placenta previa,Misc_Placenta previa,Placenta previa,សុកពាំងមាត់ស្បូន,,,Misc,N/A,,,,,,,,,,,
,,,Misc_Abruptio placenta,Misc_Abruptio placenta,Abruptio placenta,របើកសុកមុនកំណត់,,,Misc,N/A,,,,,,,,,,,
,,,Misc_Prolapse of cord,Misc_Prolapse of cord,Prolapse of cord,ការធ្លាក់ទងសុកមកមុន,,,Misc,N/A,,,,,,,,,,,
,,,Misc_Postpartum hemorrhage,Misc_Postpartum hemorrhage,Postpartum hemorrhage,ធ្លាក់ឈាមក្រោយសម្រាលកូន,,,Misc,N/A,,,,,,,,,,,
,,,Misc_Retained placenta,Misc_Retained placenta,Retained placenta,សល់សុកក្នុងស្បូន,,,Misc,N/A,,,,,,,,,,,
,,,Misc_Puerperal sepsis,Misc_Puerperal sepsis,Puerperal sepsis,ឆ្លងរោគក្រោយសម្រាលកូន,,,Misc,N/A,,,,,,,,,,,
,,,Misc_Puerperal anemia,Misc_Puerperal anemia,Puerperal anemia,ស្លេកស្លាំងក្រោយសម្រាល,,,Misc,N/A,,,,,,,,,,,
,,,Misc_Anemia complicating pregnancy,Misc_Anemia complicating pregnancy,Anemia complicating pregnancy,ស្លេកស្លាំងដោយសារមានផ្ទៃពោះ,,,Misc,N/A,,,,,,,,,,,
,,,Misc_Preterm delivery,Misc_Preterm delivery,Preterm delivery,Preterm delivery,,,Misc,N/A,,,,,,,,,,,
,,,Misc_Omphalitis,Misc_Omphalitis,Omphalitis,ជំងឺរលាកអុចៗ,,,Misc,N/A,,,,,,,,,,,
,,,Misc_Pregnancy,Misc_Pregnancy,Pregnancy,មានផ្ទៃពោះ,,,Misc,N/A,,,,,,,,,,,
,,,"Misc_Maternity diseases, other","Misc_Maternity diseases, other","Maternity diseases, other",ជំងឺផ្នែកសម្ភពផ្សេងៗ,,,Misc,N/A,,,,,,,,,,,
,,,Misc_Pharyngitis,Misc_Pharyngitis,Pharyngitis,ជំងឺ Pharyngitis,,,Misc,N/A,,,,,,,,,,,
,,,Misc_Tonsilitis,Misc_Tonsilitis,Tonsilitis,ជំងឺរលាកកាំរស្មី,,,Misc,N/A,,,,,,,,,,,
,,,"Misc_Acute nasopharyngitis (viral URI, common cold)","Misc_Acute nasopharyngitis (viral URI, common cold)","Acute nasopharyngitis (viral URI, common cold)",ជំងឺរលាកច្រមុះស្រួចស្រាល (ជំងឺផ្តាសាយទូទៅ URI),,,Misc,N/A,,,,,,,,,,,
,,,Misc_Acute upper respiratory infection (ARI),Misc_Acute upper respiratory infection (ARI),Acute upper respiratory infection (ARI),រលាកផ្លូវដង្ហើមលើស្រួចស្រាវ(ARI),,,Misc,N/A,,,,,,,,,,,
,,,Misc_Pneumonia,Misc_Pneumonia,Pneumonia,ជំងឺរលាកសួត,,,Misc,N/A,,,,,,,,,,,
,,,Misc_Acute bronchitis,Misc_Acute bronchitis,Acute bronchitis,រលាកទងសួតស្រួចស្រាវ,,,Misc,N/A,,,,,,,,,,,
,,,Misc_Bronchiolitis,Misc_Bronchiolitis,Bronchiolitis,,,,Misc,N/A,,,,,,,,,,,
,,,Misc_Bronchopneumonia,Misc_Bronchopneumonia,Bronchopneumonia,,,,Misc,N/A,,,,,,,,,,,
,,,Misc_Acute bronchiolitis,Misc_Acute bronchiolitis,Acute bronchiolitis,ការរលាកទងសួតតូចស្រួចស្រាវ,,,Misc,N/A,,,,,,,,,,,
,,,Misc_Rhinitis,Misc_Rhinitis,Rhinitis,រលាកច្រមុះ,,,Misc,N/A,,,,,,,,,,,
,,,Misc_Acute sinusitis,Misc_Acute sinusitis,Acute sinusitis,រលាកឆ្អឹងsinus,,,Misc,N/A,,,,,,,,,,,
,,,"Misc_Acute lower respiratory infection, other (ARI)","Misc_Acute lower respiratory infection, other (ARI)","Acute lower respiratory infection, other (ARI)",រលាកផ្លូវដង្ហើមខាងក្រោមផេ្សងទៀត(ARI​),,,Misc,N/A,,,,,,,,,,,
,,,Misc_Hypertrophy of tonsils,Misc_Hypertrophy of tonsils,Hypertrophy of tonsils,ការរីកធំនៃ សាច់បំពង់ក,,,Misc,N/A,,,,,,,,,,,
,,,Misc_Emphysema,Misc_Emphysema,Emphysema,ខ្យល់ក្នុងសួត,,,Misc,N/A,,,,,,,,,,,
,,,Misc_Chronic obstructive pulmonary disease (COPD),Misc_Chronic obstructive pulmonary disease (COPD),Chronic obstructive pulmonary disease (COPD),ជំងឺ​ស្ទះ​ផ្លូវដង្ហើម​រ៉ាំរ៉ៃ(COPD),,,Misc,N/A,,,,,,,,,,,
,,,Misc_Asthma,Misc_Asthma,Asthma,ជំងឺហឺត​,,,Misc,N/A,,,,,,,,,,,
,,,Misc_Bronchiectasis,Misc_Bronchiectasis,Bronchiectasis,ជំងឺរីកទងសួត,,,Misc,N/A,,,,,,,,,,,
,,,Misc_Adult respiratory distress syndrome,Misc_Adult respiratory distress syndrome,Adult respiratory distress syndrome,,,,Misc,N/A,,,,,,,,,,,
,,,Misc_Acute pulmonary edema,Misc_Acute pulmonary edema,Acute pulmonary edema,ហើមសួតស្រួចស្រាវ,,,Misc,N/A,,,,,,,,,,,
,,,Misc_Abscess of lung,Misc_Abscess of lung,Abscess of lung,បូសសួត,,,Misc,N/A,,,,,,,,,,,
,,,Misc_Pyothorax,Misc_Pyothorax,Pyothorax,ខ្ទុះក្នុងសួត,,,Misc,N/A,,,,,,,,,,,
,,,Misc_Pleural effusion,Misc_Pleural effusion,Pleural effusion,ទឹកស្រោមសួត,,,Misc,N/A,,,,,,,,,,,
,,,Misc_Acute respiratory failure,Misc_Acute respiratory failure,Acute respiratory failure,ខ្សោយសួតស្រួចស្រាវ,,,Misc,N/A,,,,,,,,,,,
,,,Misc_Chronic respiratory failure,Misc_Chronic respiratory failure,Chronic respiratory failure,ខ្សោយសួតរ៉ាំ​រ៉ៃ,,,Misc,N/A,,,,,,,,,,,
,,,Misc_Atelectasis,Misc_Atelectasis,Atelectasis,ស្វិតសួត,,,Misc,N/A,,,,,,,,,,,
,,,Misc_Epistaxis,Misc_Epistaxis,Epistaxis,,,,Misc,N/A,,,,,,,,,,,
,,,Misc_Hemoptysis,Misc_Hemoptysis,Hemoptysis,ក្អកឈាម,,,Misc,N/A,,,,,,,,,,,
,,,"Misc_Cough, more than 14days","Misc_Cough, more than 14days","Cough, more than 14days",ក្អកលើសពី១៤ថ្ងៃ,,,Misc,N/A,,,,,,,,,,,
,,,Misc_Dyspnea,Misc_Dyspnea,Dyspnea,ជំងឺហត់,,,Misc,N/A,,,,,,,,,,,
,,,"Misc_Illness, unspecified","Misc_Illness, unspecified","Illness, unspecified",,,,Misc,N/A,,,,,,,,,,,
,,,"Misc_Pain, unspecified","Misc_Pain, unspecified","Pain, unspecified",,,,Misc,N/A,,,,,,,,,,,
,,,Misc_Fatigue,Misc_Fatigue,Fatigue,អស់កម្លាំង,,,Misc,N/A,,,,,,,,,,,
,,,"Misc_Respiratory disorders, other","Misc_Respiratory disorders, other","Respiratory disorders, other",ជំងឺផ្លូវដង្ហើមផ្សេងៗ,,,Misc,N/A,,,,,,,,,,,
,,,"Misc_Intestinal parasitism, unspecified","Misc_Intestinal parasitism, unspecified","Intestinal parasitism, unspecified",ប៉ារ៉ាសិត,,,Misc,N/A,,,,,,,,,,,
,,,Misc_Scabies,Misc_Scabies,Scabies,រមាស់ក្រោមស្បែក,,,Misc,N/A,,,,,,,,,,,
,,,"Misc_Abscess, skin","Misc_Abscess, skin","Abscess, skin",អាប់ស,,,Misc,N/A,,,,,,,,,,,
,,,Misc_Impetigo,Misc_Impetigo,Impetigo,រលកកែវ,,,Misc,N/A,,,,,,,,,,,
,,,Misc_Carbuncle​ of face​​,Misc_Carbuncle​ of face​​,Carbuncle​ of face​​,បូសទ្រនិចនៅមុខ​,,,Misc,N/A,,,,,,,,,,,
,,,Misc_Cellulitis,Misc_Cellulitis,Cellulitis,ជំងឺកោសិកា,,,Misc,N/A,,,,,,,,,,,
,,,Misc_Skin infection,Misc_Skin infection,Skin infection,ការឆ្លងស្បែក,,,Misc,N/A,,,,,,,,,,,
,,,Misc_Atopic dermatitis,Misc_Atopic dermatitis,Atopic dermatitis,រលាកស្បែកត្រអក​,,,Misc,N/A,,,,,,,,,,,
,,,Misc_Seborrhoeic dermatitis,Misc_Seborrhoeic dermatitis,Seborrhoeic dermatitis,ជំងឺស្បែកឡើងក្រាស់,,,Misc,N/A,,,,,,,,,,,
,,,Misc_Skin allergy,Misc_Skin allergy,Skin allergy,Skin allergy,,,Misc,N/A,,,,,,,,,,,
,,,Misc_Exfoliative dermatitis,Misc_Exfoliative dermatitis,Exfoliative dermatitis,រលាកស្បែកឡើងក្រហម,,,Misc,N/A,,,,,,,,,,,
,,,Misc_Pruritus,Misc_Pruritus,Pruritus,រមាស់ស្បែក,,,Misc,N/A,,,,,,,,,,,
,,,Misc_Eczema,Misc_Eczema,Eczema,ជំងឺត្រអក,,,Misc,N/A,,,,,,,,,,,
,,,Misc_Psoriasis,Misc_Psoriasis,Psoriasis,រលាកស្បែកបែកស្រកាឡើងក្រហម,,,Misc,N/A,,,,,,,,,,,
,,,Misc_Urticaria,Misc_Urticaria,Urticaria,កន្ទាលត្រអាក,,,Misc,N/A,,,,,,,,,,,
,,,Misc_Erythema multiforme,Misc_Erythema multiforme,Erythema multiforme,ពងទឹកលើស្បែក,,,Misc,N/A,,,,,,,,,,,
,,,Misc_Sunburn,Misc_Sunburn,Sunburn,រលាកស្បែកដោយសារកំដៅថ្ងៃ,,,Misc,N/A,,,,,,,,,,,
,,,Misc_Radiodermatitis,Misc_Radiodermatitis,Radiodermatitis,រលាកស្បែកដោយសារកាំរស្មី,,,Misc,N/A,,,,,,,,,,,
,,,Misc_Acne,Misc_Acne,Acne,ជំងឺមុន,,,Misc,N/A,,,,,,,,,,,
,,,Misc_Rosacea,Misc_Rosacea,Rosacea,ជំងឺមុនលើផ្ទៃមុខ,,,Misc,N/A,,,,,,,,,,,
,,,Misc_Vitiligo,Misc_Vitiligo,Vitiligo,ឃ្លង់ល្ពៅ,,,Misc,N/A,,,,,,,,,,,
,,,"Misc_Skin diseases, other","Misc_Skin diseases, other","Skin diseases, other",ជំងឺសើស្បែកផ្សេងៗ,,,Misc,N/A,,,,,,,,,,,
,,,Misc_Rash / nonspecific skin eruption,Misc_Rash / nonspecific skin eruption,Rash / nonspecific skin eruption,ស្នាមកន្ទួល,,,Misc,N/A,,,,,,,,,,,
,,,Misc_Supernumerary teeth,Misc_Supernumerary teeth,Supernumerary teeth,ធ្មេញដុះលើសចំនួន,,,Misc,N/A,,,,,,,,,,,
,,,Misc_Embedded and impacted teeth,Misc_Embedded and impacted teeth,Embedded and impacted teeth,ធ្មេញដុះកប់ជ្រៅ,,,Misc,N/A,,,,,,,,,,,
,,,Misc_Dental caries,Misc_Dental caries,Dental caries,ដង្កូវស៊ីធ្មេញ,,,Misc,N/A,,,,,,,,,,,
,,,"Misc_Diseases of hard teeth tissue, other","Misc_Diseases of hard teeth tissue, other","Diseases of hard teeth tissue, other",ជំងឺអញ្ចាញធ្មេញផ្សេងៗ,,,Misc,N/A,,,,,,,,,,,
,,,Misc_Cracked tooth,Misc_Cracked tooth,Cracked tooth,ធ្មេញប្រេះ,,,Misc,N/A,,,,,,,,,,,
,,,Misc_Acute gingivitis,Misc_Acute gingivitis,Acute gingivitis,រលាកអញ្ចាញធ្មេញស្រួចស្រាវ,,,Misc,N/A,,,,,,,,,,,
,,,Misc_Chronic gingivitis,Misc_Chronic gingivitis,Chronic gingivitis,រលាកអញ្ចាញធ្មេញរ៉ាំរៃ,,,Misc,N/A,,,,,,,,,,,
,,,Misc_Dental Abscess,Misc_Dental Abscess,Dental Abscess,បូសធ្មេញ,,,Misc,N/A,,,,,,,,,,,
,,,Misc_Dental problem,Misc_Dental problem,Dental problem,បញ្ហាធ្មេញ,,,Misc,N/A,,,,,,,,,,,
,,,"Misc_Oral diseases, other","Misc_Oral diseases, other","Oral diseases, other",ជំងឺមាត់ធ្មេញផ្សេងៗ,,,Misc,N/A,,,,,,,,,,,
,,,"Misc_Oral ulcer, other forms of stomatitis","Misc_Oral ulcer, other forms of stomatitis","Oral ulcer, other forms of stomatitis",ដំបៅមាត់,,,Misc,N/A,,,,,,,,,,,
,,,Misc_Trachoma,Misc_Trachoma,Trachoma,ជំងឺអៀស៊ីភ្នែក,,,Misc,N/A,,,,,,,,,,,
,,,Misc_Abscess of eyelid,Misc_Abscess of eyelid,Abscess of eyelid,ខ្ទុះនៅត្របកភ្នែក,,,Misc,N/A,,,,,,,,,,,
,,,Misc_Chalazion,Misc_Chalazion,Chalazion,ជំងឺពពែភ្នែក,,,Misc,N/A,,,,,,,,,,,
,,,Misc_Blepharitis,Misc_Blepharitis,Blepharitis,ជំងឺរលាកត្របកភ្នែក,,,Misc,N/A,,,,,,,,,,,
,,,Misc_Trichiasis,Misc_Trichiasis,Trichiasis,ជំងឺប្រែងចាកភ្នែក,,,Misc,N/A,,,,,,,,,,,
,,,Misc_Lagophthalmos,Misc_Lagophthalmos,Lagophthalmos,ត្របកភ្នែកបិទអត់ជិត,,,Misc,N/A,,,,,,,,,,,
,,,Misc_Ptosis of eyelid,Misc_Ptosis of eyelid,Ptosis of eyelid,ជំងឺធ្លាក់ត្របកភ្នែក,,,Misc,N/A,,,,,,,,,,,
,,,Misc_Xanthelasma of eyelid,Misc_Xanthelasma of eyelid,Xanthelasma of eyelid,ដុំខ្លាញ់នៅត្របកភ្នែក,,,Misc,N/A,,,,,,,,,,,
,,,Misc_Cysts of eyelid,Misc_Cysts of eyelid,Cysts of eyelid,ដុំគីសលើត្របកភ្នែក,,,Misc,N/A,,,,,,,,,,,
,,,Misc_Dermatochalasis of eyelid,Misc_Dermatochalasis of eyelid,Dermatochalasis of eyelid,ជំងឺសាច់ត្របកភ្នែកដុះច្រើន,,,Misc,N/A,,,,,,,,,,,
,,,Misc_Dacryoadenitis,Misc_Dacryoadenitis,Dacryoadenitis,ជំងឺរលាកក្រពេញបញ្ចេញទឹកភ្នែក,,,Misc,N/A,,,,,,,,,,,
,,,Misc_Dry eye syndrome,Misc_Dry eye syndrome,Dry eye syndrome,ជំងឺស្ងួតគ្រាប់ភ្នែក,,,Misc,N/A,,,,,,,,,,,
,,,Misc_Lacrimal cyst,Misc_Lacrimal cyst,Lacrimal cyst,គីសក្រពេញទឹកភ្នែក,,,Misc,N/A,,,,,,,,,,,
,,,Misc_Epiphora,Misc_Epiphora,Epiphora,ជំងឺហូរទឹកភ្នែកច្រើន,,,Misc,N/A,,,,,,,,,,,
,,,Misc_Acute dacryocystitis,Misc_Acute dacryocystitis,Acute dacryocystitis,រលាកថង់ទឹកភ្នែកស្រួចស្រាវ,,,Misc,N/A,,,,,,,,,,,
,,,Misc_Chronic dacryocystitis,Misc_Chronic dacryocystitis,Chronic dacryocystitis,រលាកថង់ទឹកភ្នែករុំារ៉ៃ,,,Misc,N/A,,,,,,,,,,,
,,,Misc_Cyst of orbit,Misc_Cyst of orbit,Cyst of orbit,គីសអ័កប៊ីត,,,Misc,N/A,,,,,,,,,,,
,,,Misc_Conjunctivitis,Misc_Conjunctivitis,Conjunctivitis,ជំងឺភ្នែកក្រហម,,,Misc,N/A,,,,,,,,,,,
,,,Misc_Pterygium of eye,Misc_Pterygium of eye,Pterygium of eye,ជំងឺកន្ទុយថ្លែន,,,Misc,N/A,,,,,,,,,,,
,,,Misc_Keratitis,Misc_Keratitis,Keratitis,រលាកកញ្ចក់ភ្នែក,,,Misc,N/A,,,,,,,,,,,
,,,Misc_Corneal ulcer,Misc_Corneal ulcer,Corneal ulcer,ដំបៅកញ្ចក់ភ្នែក,,,Misc,N/A,,,,,,,,,,,
,,,Misc_Uveitis,Misc_Uveitis,Uveitis,ជំងឺរលាកប្រស្រីភ្នែក,,,Misc,N/A,,,,,,,,,,,
,,,Misc_Age related cataract,Misc_Age related cataract,Age related cataract,ជំងឺឡើងបាយភ្នែកមនុស្សចាស់,,,Misc,N/A,,,,,,,,,,,
,,,"Misc_Cataract, other","Misc_Cataract, other","Cataract, other",ជំងឺឡើងបាយភ្នែកផ្សេងៗ,,,Misc,N/A,,,,,,,,,,,
,,,Misc_Glaucoma,Misc_Glaucoma,Glaucoma,ជំងឺដក់ទឹកក្នុងភ្នែក,,,Misc,N/A,,,,,,,,,,,
,,,Misc_Visual distubances,Misc_Visual distubances,Visual distubances,ការរំខានដែលមើលឃើញ,,,Misc,N/A,,,,,,,,,,,
,,,Misc_Otitis externa,Misc_Otitis externa,Otitis externa,Otitis externa,,,Misc,N/A,,,,,,,,,,,
,,,"Misc_Otitis media, unspecified","Misc_Otitis media, unspecified","Otitis media, unspecified",Otitis media មិនបានបញ្ជាក់,,,Misc,N/A,,,,,,,,,,,
,,,"Misc_Otitis media, chronic","Misc_Otitis media, chronic","Otitis media, chronic",Otitis media រ៉ាំរ៉ៃ,,,Misc,N/A,,,,,,,,,,,
,,,Misc_Eye diseases,Misc_Eye diseases,Eye diseases,ជំងឺភ្នែក,,,Misc,N/A,,,,,,,,,,,
,,,"Misc_Eye problem, other","Misc_Eye problem, other","Eye problem, other",ជំងឺភ្នែកផ្សេងៗ,,,Misc,N/A,,,,,,,,,,,
,,,Offline Misc Diagnosis,Offline Misc Diagnosis,Offline Misc Diagnosis,,,,Question,Coded,,"Misc_Cholera;Misc_Cholera, unspecified;Misc_Typhoid and Paratyphoid Fevers;Misc_Amebiasis;Misc_Amebic Liver Abscess;Misc_Gastroenteritis diarrhea (GE);Misc_Gastroenteritis diarrhea, moderate (GE);Misc_Gastroenteritis diarrhea, severe (GE);Misc_Tetanus neonatorum;Misc_Tetanus, other;Misc_Diphtheria;Misc_Whooping cough;Misc_Sepsis, unspecified organism;Misc_Acute poliomyelitis;Misc_Rabies;Misc_Dysentery;Misc_Measles;Misc_Schistosomiasis;Misc_Anemia;Misc_Tumor;Misc_Anemia, folate;Misc_Anemia, iron;Misc_Anemia, unspecified;Misc_Hypothyroidism;Misc_Hyperthyroidism;Misc_Hypoglycemia, unspecified;Misc_Dehydration;Misc_Meningitis, unspecified;Misc_Epilepsy, unspecified;Misc_Migraine;Misc_Tension headache;Misc_Neuropathy;Misc_Heart failure, unspecified;Misc_Angina pectoris;Misc_Acute myocardial infarction;Misc_Cerebral Infarction (Stroke);Misc_Stomatitis;Misc_Gastric ulcer;Misc_Gastritis;Misc_Gastroesophageal reflux disease (GERD);Misc_Hepatitis, chronic;Misc_Hernia, inguinal;Misc_Hernia, umbilical;Misc_Peptic ulcer, site unspecifed;Misc_Acute gastritis;Misc_Chronic gastritis, unspecified;Misc_Rectal polyp;Misc_Hemorrhoids;Misc_Cirrhosis;Misc_Cholecystitis;Misc_Arthritis, unspecified;Misc_Musculoskeletal pain;Misc_Osteoporosis, unspecified;Misc_Nephritic syndrome;Misc_Renal colic, unspecified;Misc_Urinary tract infection (UTI);Misc_Jaundice, unspecified;Misc_Ascites;Misc_Fever of unknown origin (FUO);Misc_Abdominal pain;Misc_Abdominal/digestive problems, other;Misc_Drug toxicity;Misc_Petrol intoxication;Misc_Food intoxication;Misc_Snake bite;Misc_Poisoning/Ingestion of non medicinal substances;Misc_Poisoning/Ingestion of chemical substances;Misc_Congenital heart disease (CHD);Misc_Congenital malformations of musculoskeletal system, not elsewhere classified;Misc_Down syndrome;Misc_Turner syndrome;Misc_Wound, infected;Misc_Wound, open, cut from bite;Misc_Trauma;Misc_Diseases, other;Misc_STD;Misc_Dengue fever;Misc_Dengue fever, hemorrhagic (non shock);Misc_Dengue fever, hemorrhagic (with shock);Misc_Dengue fever, suspected;Misc_Dengue-like fever;Misc_Chikungunya virus;Misc_Chikungunya virus, suspected;Misc_Enteroviral vesicular stomatitis with exanthem;Misc_Hepatitis A;Misc_Hepatitis B;Misc_Hepatitis C;Misc_HIV/AIDS;Misc_Mumps;Misc_Malaria, Plasmodium falciparum malaria with cerebral complications;Misc_Severe and complicated plasmodium falciparum malaria, other;Misc_Malaria, unspecified;Misc_Influenza due to certain identified influenza virus;Misc_Influenza, virus not identified;Misc_Communicable diseases, other;Misc_Tuberculosis of lung;Misc_Tuberculous pleurisy;Misc_Respiratory tuberculosis, primary;Misc_Respiratory tuberculosis, other;Misc_Respiratory tuberculosis, unspecified;Misc_Tuberculous meningitis;Misc_Tuberculosis of nervous system, other;Misc_Tuberculosis of other bones;Misc_Tuberculous peritonitis;Misc_Tuberculosis, other organs;Misc_Miliary TB;Misc_Leprosy, unspecified;Misc_MOTT(mycobacterium other than TB) pulmonary mycobacterial infection;Misc_MDR(multi-drug resistant) TB confirmed by culture;Misc_B1 deficiency;Misc_Vitamin deficiency;Misc_Diabetic type 1 (DM);Misc_Diabetic type 2 (DM);Misc_Severe acute malnutrition (SAM) with nutritional oedema;Misc_Severe acute malnutrition (SAM) with clinical signs;Misc_Severe acute malnutrition (SAM) - weight for height Z score <-3;Misc_Mild acute malnutrition-weight for height Z score -1 to -2SD;Misc_Moderate acute malnutrition - weight for height Z score -2 to -3;Misc_Malnutrition, unspecified;Misc_Opioid abuse;Misc_Hypotension;Misc_Hypertension, secondary (HTN);Misc_Hypertension, primary (HTN);Misc_Family history of stroke;Misc_Sequelae of cerebrovascular disease;Misc_Diabetes mellitus during pregnancy, childbirth and puerperium;Misc_Focal traumatic brain injury;Misc_Eye injury;Misc_Allergic reaction;Misc_Foreign body in ear;Misc_Foreign body in nose;Misc_Fracture;Misc_Insect bite;Misc_Other injuries of unspecified body region;Misc_Other specified personal exposures and history presenting hazards to health;Misc_Terrorism;Misc_Mine or pit as the place of occurrence of the external cause;Misc_Burn, fire;Misc_Burn, hot water;Misc_Non-communicable diseases, other;Misc_Schizophrenia;Misc_Manic episode;Misc_Bipolar disorder;Misc_Depression, recurrent;Misc_Depression;Misc_Anxiety disorder, other;Misc_Sleep Disorder;Misc_Mental disorder, other;Misc_Fungal infection;Misc_Genital warts;Misc_Viral genital infection, other;Misc_Hydrocele;Misc_Orchitis and epididymitis;Misc_Disorders of prepuce;Misc_Solitary cyst of breast;Misc_Salpingitis, acute;Misc_Inflammatory disease of cervix uteri;Misc_Inflammation of vulva vagina;Misc_Uterine or vaginal prolapse;Misc_Genital fistula;Misc_Noninflammory disorders of ovary, fallopian tube and broad ligament;Misc_Ovarian cyst;Misc_Hematosalpinx;Misc_Vaginal discharge;Misc_Irregular menstruation, unspecified;Misc_Uterine and vaginal bleeding;Misc_Dysmenorrhoea, unspecified;Misc_Spontaneous abortion or miscarriage;Misc_Medical abortion;Misc_Preterm labor;Misc_Gynecologic diseases, other;Misc_Ectopic pregnancy;Misc_Hydatidiform mole;Misc_Early fetal death;Misc_Gestational oedema;Misc_Gestational hypertension (HTN);Misc_Mild to moderate pre-eclampsia;Misc_Severe pre-eclampsia;Misc_Eclampsia;Misc_Hemorrhage in early pregnancy;Misc_Excessive vomiting in pregnancy;Misc_Placental disorders;Misc_Placenta accreta;Misc_Placenta percreta;Misc_Placenta previa;Misc_Abruptio placenta;Misc_Prolapse of cord;Misc_Postpartum hemorrhage;Misc_Retained placenta;Misc_Puerperal sepsis;Misc_Puerperal anemia;Misc_Anemia complicating pregnancy;Misc_Preterm delivery;Misc_Omphalitis;Misc_Pregnancy;Misc_Maternity diseases, other;Misc_Pharyngitis;Misc_Tonsilitis;Misc_Acute nasopharyngitis (viral URI, common cold);Misc_Acute upper respiratory infection (ARI);Misc_Pneumonia;Misc_Acute bronchitis;Misc_Bronchiolitis;Misc_Bronchopneumonia;Misc_Acute bronchiolitis;Misc_Rhinitis;Misc_Acute sinusitis;Misc_Acute lower respiratory infection, other (ARI);Misc_Hypertrophy of tonsils;Misc_Emphysema;Misc_Chronic obstructive pulmonary disease (COPD);Misc_Asthma;Misc_Bronchiectasis;Misc_Adult respiratory distress syndrome;Misc_Acute pulmonary edema;Misc_Abscess of lung;Misc_Pyothorax;Misc_Pleural effusion;Misc_Acute respiratory failure;Misc_Chronic respiratory failure;Misc_Atelectasis;Misc_Epistaxis;Misc_Hemoptysis;Misc_Cough, more than 14days;Misc_Dyspnea;Misc_Illness, unspecified;Misc_Pain, unspecified;Misc_Fatigue;Misc_Respiratory disorders, other;Misc_Intestinal parasitism, unspecified;Misc_Scabies;Misc_Abscess, skin;Misc_Impetigo;Misc_Carbuncle​ of face​​;Misc_Cellulitis;Misc_Skin infection;Misc_Atopic dermatitis;Misc_Seborrhoeic dermatitis;Misc_Skin allergy;Misc_Exfoliative dermatitis;Misc_Pruritus;Misc_Eczema;Misc_Psoriasis;Misc_Urticaria;Misc_Erythema multiforme;Misc_Sunburn;Misc_Radiodermatitis;Misc_Acne;Misc_Rosacea;Misc_Vitiligo;Misc_Skin diseases, other;Misc_Rash / nonspecific skin eruption;Misc_Supernumerary teeth;Misc_Embedded and impacted teeth;Misc_Dental caries;Misc_Diseases of hard teeth tissue, other;Misc_Cracked tooth;Misc_Acute gingivitis;Misc_Chronic gingivitis;Misc_Dental Abscess;Misc_Dental problem;Misc_Oral diseases, other;Misc_Oral ulcer, other forms of stomatitis;Misc_Trachoma;Misc_Abscess of eyelid;Misc_Chalazion;Misc_Blepharitis;Misc_Trichiasis;Misc_Lagophthalmos;Misc_Ptosis of eyelid;Misc_Xanthelasma of eyelid;Misc_Cysts of eyelid;Misc_Dermatochalasis of eyelid;Misc_Dacryoadenitis;Misc_Dry eye syndrome;Misc_Lacrimal cyst;Misc_Epiphora;Misc_Acute dacryocystitis;Misc_Chronic dacryocystitis;Misc_Cyst of orbit;Misc_Conjunctivitis;Misc_Pterygium of eye;Misc_Keratitis;Misc_Corneal ulcer;Misc_Uveitis;Misc_Age related cataract;Misc_Cataract, other;Misc_Glaucoma;Misc_Visual distubances;Misc_Otitis externa;Misc_Otitis media, unspecified;Misc_Otitis media, chronic;Misc_Eye diseases;Misc_Eye problem, other",,,,,,,,,
,,,Non-coded Offline Diagnosis,Non-coded Offline Diagnosis,Diseases other/Illness unspecified,Diagnosis Other,,,Question,Text,,,,,,,,,,,
,,,Offline Diagnosis Certainty,Offline Diagnosis Certainty,Certainty,Certainty,,,Question,Coded,,Confirmed; Presumed;,,,,,,,,,
,,,Offline Diagnosis order,Offline Diagnosis order,Primary: new case/Secondary: old,Primary: new case/Secondary: old,,,Question,Coded,,Primary; Secondary;,,,,,,,,,
,,,Offline Diagnosis Data,Offline Diagnosis Data,Diagnosis,Diagnosis,,,Concept Details,N/A,,,Offline Misc Diagnosis; ,,,,,,,,
,,,Offline Diagnosis Entry,Offline Diagnosis Entry,Entry,Entry,,,ConvSet,N/A,,,Offline Diagnosis Data; Non-coded Offline Diagnosis; Offline Diagnosis order; Offline Diagnosis Certainty;,,,,,,,,
,,,Cambodia_Offline Diagnosis Form,Cambodia_Offline Diagnosis Form,Offline Diagnosis,Offline Diagnosis,,,ConvSet,N/A,,,Offline Diagnosis Entry,,,,,,,,